0.000,-252.000,10.573,10.315,3.287,4.136,166,    ,5.410,6.690,5.910,0,20050902
28,-70.000,5.420,0,-64.700,5.460,0,-56.220,5.370,28,-47.460,5.380,0,-47.460,5.620,4,-46.640,5.730,0,-43.840,5.810,4,-40.840,5.750,5,-39.500,5.250,0,-37.740,4.010,0,-35.280,4.060,5,-31.800,5.500,0,-28.270,5.740,0,-26.560,6.200,0,-26.150,6.250,26,-25.150,6.300,0,-15.240,9.190,0,-7.380,9.400,0,-4.750,10.430,0,-3.740,10.540,0,-2.360,10.530,0,-0.800,10.520,2,0.000,10.460,1,0.000,10.573,0,0.400,10.350,0,1.100,9.880,0,3.810,9.160,0,8.330,7.720,0,10.250,7.500,0,12.930,6.790,0,13.780,6.720,26,15.740,6.210,0,22.560,5.890,0,30.900,5.660,0,39.640,5.700,0,48.230,5.680,0,54.600,5.470,0,55.530,5.080,0,56.090,4.790,10,56.740,4.690,0,58.830,4.730,0,63.170,2.830,10,65.890,2.740,0,65.890,1.900,16,68.300,1.067,0,69.880,0.530,0,71.590,-0.030,0,72.560,0.010,0,76.120,0.020,0,79.150,-0.060,0,82.580,0.020,0,85.980,-0.030,0,89.530,-0.070,0,93.350,-0.020,0,96.590,0.020,0,99.360,0.070,0,102.450,-0.080,0,105.810,-0.130,0,108.280,-0.080,0,111.170,-0.010,0,114.260,-0.110,0,117.520,-0.160,0,120.310,-0.100,0,123.290,-0.010,0,126.240,0.060,0,129.200,0.070,0,131.190,0.070,0,133.550,0.220,0,134.460,0.460,0,135.590,0.730,0,136.890,0.960,16,136.890,1.070,0,136.890,1.230,0,137.310,1.480,0,139.270,1.930,0,139.900,2.580,0,140.270,2.630,0,142.130,3.190,0,145.810,4.490,0,152.170,4.450,0,155.880,4.700,0,159.270,5.580,0,168.070,5.700,0,174.010,5.990,0,177.130,6.010,0,180.870,6.110,0,184.750,6.140,0,185.800,5.680,0,193.580,5.550,0,201.710,5.490,0,210.100,5.570,0,216.980,5.670,0,223.400,5.720,0,228.320,5.700,0,235.410,5.820,0,242.980,5.740,0,250.730,5.900,0,254.970,6.140,0,258.440,7.200,0,262.500,7.130,0,263.100,6.880,0,266.250,4.540,13,268.800,4.270,0,270.670,3.210,2,270.930,3.160,12,270.930,3.287,0,272.560,2.860,0,274.300,2.420,0,275.700,1.880,16,277.260,1.060,0,277.370,0.570,0,278.020,0.350,0,278.770,0.010,0,280.980,0.060,0,283.870,0.020,0,286.850,-0.050,0,289.910,-0.260,0,291.950,-0.320,0,293.220,-0.350,0,294.440,-0.290,0,295.240,0.030,0,296.210,0.410,0,296.910,0.730,0,297.540,0.840,16,297.540,1.060,0,297.540,1.370,0,298.640,2.220,0,300.170,2.630,0,300.510,3.250,13,301.840,3.930,12,302.340,4.136,2,302.340,4.060,0,307.320,4.180,25,313.000,4.500,0,320.620,7.300,0,324.160,7.600,0,326.380,7.760,0,332.550,10.110,18,333.050,10.315,2,333.050,10.230,3,333.530,10.470,0,334.170,10.630,0,335.720,10.700,0,337.740,10.600,3,338.180,10.470,0,338.610,10.270,0,340.200,9.520,0,343.450,9.300,0,345.740,9.160,0,351.010,7.520,0,352.030,7.280,25,354.660,6.690,0,356.420,6.490,0,357.970,6.130,0,358.260,6.020,0,358.640,5.870,5,359.280,5.880,0,359.280,4.940,0,360.300,4.860,5,360.300,5.880,0,361.200,5.950,0,362.280,6.680,0,365.050,6.700,28,365.840,5.850,0,373.680,5.930,28,383.060,5.920
0.200,-207.000,10.560,10.550,3.495,4.986,182,    ,6.140,6.680,5.800,0,20050902
23,-56.500,6.080,28,-51.390,6.180,28,-44.200,6.100,0,-37.180,5.430,0,-34.390,4.280,5,-33.590,4.320,0,-33.590,2.780,0,-31.920,2.790,5,-31.920,4.320,0,-29.380,5.330,0,-28.580,6.070,0,-27.170,6.160,0,-26.400,6.390,26,-24.090,6.520,0,-22.190,7.040,0,-14.320,9.440,0,-7.140,9.780,0,-6.020,10.370,0,-4.510,10.630,0,-2.910,10.670,0,-1.500,10.660,0,-0.700,10.570,2,0.000,10.430,1,0.000,10.560,0,0.600,10.240,10,2.700,9.340,0,8.980,7.080,0,15.170,6.830,10,20.300,5.280,26,20.300,5.280,0,25.670,5.250,0,33.780,5.280,0,43.030,5.240,0,51.720,5.200,0,60.110,5.140,0,62.720,4.200,0,66.280,4.150,0,69.240,2.960,0,70.730,2.370,0,71.680,1.830,0,73.040,1.550,0,73.040,1.120,16,73.370,1.081,0,74.480,0.820,0,75.170,0.490,0,76.740,0.010,0,77.960,-0.130,0,81.300,-0.080,0,84.360,-0.050,0,87.170,0.030,0,90.480,0.120,0,93.880,0.200,0,96.730,0.220,0,99.880,0.140,0,103.060,0.130,0,106.260,-0.050,0,109.950,0.110,0,114.690,0.080,0,116.910,0.080,0,119.980,0.020,0,123.220,-0.020,0,125.740,-0.010,0,128.770,0.000,0,131.780,0.040,0,134.940,0.030,0,137.950,0.020,0,140.820,-0.060,0,143.190,0.010,0,143.960,0.240,0,144.660,0.530,0,145.630,0.800,0,147.880,0.990,16,148.210,1.080,0,149.610,1.490,0,149.610,1.950,0,150.780,2.040,0,152.460,2.560,0,152.720,2.650,0,155.940,3.670,0,157.810,4.190,0,160.030,4.260,0,161.490,4.720,0,169.120,4.830,0,173.070,4.900,0,175.220,4.880,0,182.990,4.930,0,191.140,5.140,0,200.030,5.070,0,208.280,5.140,0,216.570,5.240,0,225.560,5.310,0,231.920,5.410,0,236.120,5.450,0,245.180,5.850,0,249.070,5.940,5,251.430,5.860,0,252.450,5.470,0,252.910,5.450,5,253.790,5.860,0,254.890,5.840,0,255.950,5.540,0,264.540,5.520,0,272.350,5.640,0,280.640,5.760,0,289.700,5.510,0,298.610,5.520,0,302.220,5.440,0,311.030,5.380,0,319.890,5.280,0,328.650,5.350,0,334.440,5.330,0,338.200,5.400,0,342.390,6.080,0,345.100,6.310,0,346.650,5.910,0,348.230,4.970,0,354.140,4.750,0,356.540,4.500,13,365.030,4.630,2,367.700,3.330,12,367.700,3.495,0,368.740,3.010,0,368.970,2.570,0,370.630,2.000,0,371.080,1.590,16,372.190,1.061,0,373.120,0.650,0,374.660,0.260,0,377.040,0.250,0,379.380,0.230,0,382.510,0.180,0,385.090,0.020,0,387.220,-0.060,0,388.340,0.060,0,389.700,0.060,0,391.080,0.610,0,392.220,0.680,0,392.750,0.880,16,393.160,1.060,0,393.740,1.280,0,394.290,2.240,0,395.540,3.440,0,396.980,4.350,13,397.900,4.680,12,398.310,4.986,2,398.310,4.760,25,399.580,4.810,0,402.790,5.180,0,410.730,7.300,0,411.320,7.400,0,417.740,7.620,0,424.330,9.880,3,425.010,10.210,18,425.510,10.550,2,425.510,10.460,0,425.860,10.570,0,426.210,10.660,0,428.120,10.690,0,429.810,10.650,0,430.570,10.420,3,431.360,10.140,0,432.540,9.650,0,435.590,9.450,0,440.490,9.170,0,444.670,7.910,25,449.730,6.680,0,450.690,6.610,0,454.130,6.390,0,454.910,6.150,0,455.690,5.890,5,456.320,5.900,0,456.320,4.830,0,457.570,4.860,5,457.570,5.950,0,458.880,6.220,0,459.920,6.210,0,460.150,6.080,0,475.750,6.150,0,476.210,6.590,0,479.070,6.530,28,480.080,5.750,28,486.030,5.840
0.400,0.000,5.971,6.216,3.899,2.779,173,    ,5.680,6.510,6.090,0,20050902
28,-30.000,5.690,0,-20.000,5.670,0,-10.000,5.680,28,-2.730,5.690,0,-2.220,5.970,2,0.000,5.870,1,0.000,5.971,0,0.360,5.860,0,1.340,5.430,5,2.470,5.450,0,2.470,3.910,0,3.720,3.900,5,3.720,5.450,0,5.680,5.510,26,9.300,5.800,0,11.530,6.430,0,20.970,9.470,0,24.400,9.730,0,27.860,9.880,0,28.760,10.120,0,29.780,10.540,0,30.100,10.680,0,32.070,10.720,0,34.420,10.690,0,34.700,10.570,0,35.800,9.900,0,39.900,8.520,0,42.950,7.700,0,49.440,7.510,0,54.890,6.340,26,57.560,6.050,0,60.380,6.050,0,69.170,6.050,0,77.490,5.780,0,79.680,5.760,0,84.800,5.790,0,89.560,5.590,0,92.810,4.680,0,95.660,4.350,0,97.360,3.660,0,98.190,3.350,0,98.390,3.090,0,99.500,2.690,0,102.300,1.960,0,102.300,1.290,16,103.480,1.130,0,104.280,0.900,0,105.300,0.420,0,110.000,0.100,0,111.740,0.090,0,114.990,0.100,0,118.070,0.190,0,121.440,0.110,0,125.090,-0.110,0,127.660,0.000,0,129.970,0.150,0,131.090,0.150,0,133.370,0.130,0,136.450,0.000,0,139.690,0.020,0,143.500,0.120,0,146.580,0.120,0,151.120,0.040,0,155.060,0.090,0,158.820,-0.010,0,162.200,0.070,0,166.060,0.140,0,169.990,0.130,0,173.990,0.100,0,177.640,0.120,0,177.940,0.120,0,179.300,0.470,0,181.370,0.880,0,182.120,0.910,0,182.810,1.040,16,183.320,1.130,0,184.770,1.390,0,184.770,1.960,0,187.400,2.570,0,187.980,2.590,0,188.900,2.730,0,188.900,3.260,0,193.170,4.430,0,197.680,4.610,0,206.090,4.620,0,209.430,4.610,0,216.530,4.670,0,226.310,4.690,0,235.940,4.700,0,245.320,4.820,0,253.690,4.840,0,262.640,4.930,0,272.100,4.880,0,281.390,5.040,0,290.400,5.250,0,299.210,5.360,4,304.670,5.530,4,308.520,5.610,0,315.220,5.520,0,324.380,5.410,0,332.000,5.170,13,335.780,4.940,0,337.410,3.870,2,338.280,3.730,12,338.280,3.899,0,339.120,3.720,0,340.170,3.190,0,340.610,1.190,16,341.230,1.080,0,342.030,0.830,0,342.640,0.660,0,343.100,0.150,0,345.410,-0.040,0,346.170,-0.310,0,348.580,-0.290,0,351.230,-0.130,0,352.910,-0.050,0,354.050,0.060,0,355.130,0.080,0,357.070,0.220,0,358.100,0.550,0,358.820,0.840,16,359.460,1.070,0,361.420,1.860,0,363.240,2.440,12,364.370,2.779,2,364.370,2.570,0,365.600,2.760,13,368.260,3.770,0,376.250,3.800,0,379.180,4.400,0,392.330,4.540,0,397.790,4.570,0,405.660,4.690,0,415.940,4.840,0,424.680,4.870,0,434.340,4.820,0,443.780,5.050,0,453.530,5.070,0,462.900,5.130,0,464.540,5.250,25,466.860,5.380,0,471.990,6.370,0,475.190,7.150,0,480.610,7.580,0,483.920,8.970,3,486.870,10.300,0,488.070,10.670,0,488.390,10.750,0,490.020,10.820,0,491.510,10.700,3,492.060,10.500,0,492.400,10.230,0,492.790,10.130,0,493.830,9.550,0,496.680,9.300,0,499.930,9.140,0,504.070,7.720,25,508.430,6.510,0,512.210,6.460,0,512.860,6.200,18,513.950,6.216,2,513.950,6.030,5,514.670,5.990,0,514.670,4.940,0,515.750,4.940,5,515.750,5.990,0,516.860,5.980,0,517.330,6.240,0,517.950,6.290,28,518.240,6.090,0,527.840,6.080,28,539.190,6.110
0.600,196.000,6.998,6.081,4.602,3.530,124,7.290,6.910,6.230,5.730,0,20050902
4,-32.770,7.090,0,-29.220,7.450,4,-26.080,7.780,0,-22.800,7.910,0,-21.400,7.030,5,-19.310,6.680,0,-18.210,6.270,0,-16.250,6.000,5,-15.460,6.760,28,-13.780,7.060,28,-5.970,6.750,0,-4.630,5.810,5,-3.670,5.710,0,-3.670,4.580,0,-2.570,4.620,5,-2.570,5.710,0,-1.750,5.910,0,-0.380,6.910,2,0.000,6.960,1,0.000,6.998,24,2.580,7.290,0,8.440,9.330,0,14.350,9.720,3,16.340,10.650,0,17.030,10.870,0,18.610,10.920,0,20.670,10.860,0,20.870,10.790,3,21.270,10.640,0,22.830,9.800,0,25.230,8.330,24,28.840,6.930,0,30.400,6.700,0,33.560,6.310,0,37.480,5.910,0,41.500,5.810,0,48.620,6.000,0,52.500,6.070,0,54.300,5.640,0,56.050,4.700,2,62.510,4.430,12,62.510,4.602,13,63.100,4.250,0,64.260,2.980,0,65.930,2.060,16,67.270,1.130,0,67.460,0.980,0,68.490,0.760,0,70.130,0.720,0,70.970,0.520,0,73.640,0.600,0,76.460,0.670,0,79.750,0.610,0,82.240,0.630,0,83.400,0.710,0,84.920,0.780,0,86.480,0.860,16,87.460,1.130,0,88.070,1.260,0,88.890,1.980,0,89.100,2.660,0,90.370,3.280,12,90.760,3.530,2,90.760,3.390,0,92.660,3.660,13,95.750,5.390,10,102.120,5.730,25,107.550,5.720,0,110.230,6.820,0,113.800,6.975,10,118.260,9.060,0,118.770,9.150,0,120.500,10.120,0,120.860,10.160,3,121.230,10.400,0,121.970,10.650,0,123.560,10.700,0,125.270,10.620,0,125.850,10.290,3,126.320,10.160,0,127.150,9.670,0,131.100,9.390,0,133.600,9.230,25,142.610,6.230,0,146.350,6.200,0,149.530,6.060,18,150.390,6.081,2,150.390,5.880,19,151.410,5.820,0,152.190,5.700,10,152.530,5.470,10,154.220,4.340,0,154.220,5.020,0,154.720,5.020,0,154.720,4.620,0,154.570,4.620,16,154.570,3.020,0,154.570,2.960,0,156.870,2.980,16,156.870,3.020,0,156.870,3.220,0,156.720,3.220,0,156.720,3.610,0,157.230,3.610,0,158.620,3.700,0,162.030,5.860,19,162.690,5.910,4,163.760,6.350,4,165.360,6.440,0,167.420,6.390,0,167.900,6.180,5,169.780,5.040,0,169.900,4.660,0,170.210,4.660,5,170.330,5.040,0,170.900,5.100,0,171.610,5.580,0,172.270,5.910,0,173.020,5.950,28,173.430,5.740,0,182.840,5.720,0,192.150,5.740,0,201.860,5.710,28,211.540,5.730
0.800,203.000,5.902,10.495,4.071,4.611,96,5.800,5.940,6.020,6.050,0,20050902
28,-40.000,5.940,0,-35.790,5.930,0,-29.180,5.930,0,-20.370,5.940,0,-12.380,5.950,28,-5.330,5.930,0,-4.990,6.110,0,-3.730,6.080,5,-1.780,5.760,0,-1.780,4.830,0,-0.770,4.910,5,-0.770,5.720,2,0.000,5.770,1,0.000,5.902,24,0.200,5.800,0,1.010,6.430,0,5.340,7.670,0,10.170,9.280,0,11.740,9.480,0,16.090,9.650,3,18.080,10.550,0,18.590,10.640,0,20.150,10.680,0,21.700,10.650,0,22.210,10.570,3,23.000,10.310,0,26.780,8.460,0,29.800,7.080,0,32.870,6.900,0,33.000,6.890,0,36.390,5.370,0,38.490,5.260,24,40.080,4.260,0,46.570,4.260,2,48.900,3.950,12,48.900,4.071,0,49.300,3.830,0,50.120,3.340,0,51.610,2.860,13,52.520,2.660,0,53.070,2.270,16,53.270,1.130,0,53.640,0.620,0,55.810,0.320,0,58.450,0.230,0,61.360,0.210,0,65.000,0.220,0,68.240,0.150,0,69.200,0.200,0,70.660,0.330,0,71.980,0.590,16,72.300,1.130,0,72.390,1.640,13,74.010,2.420,0,76.230,2.680,0,78.140,3.430,0,79.840,4.410,12,80.670,4.611,2,80.670,4.460,0,83.230,4.470,0,84.770,5.170,0,87.130,6.630,0,90.180,6.790,0,93.370,6.710,0,94.020,6.810,25,96.220,7.000,3,102.490,9.970,18,103.770,10.495,2,103.770,10.350,0,104.350,10.550,0,104.850,10.680,0,106.210,10.690,0,107.990,10.660,3,108.570,10.540,0,109.480,10.060,0,114.340,7.790,0,117.210,7.640,0,119.470,6.900,25,121.640,6.020,0,125.250,5.700,0,125.490,5.630,0,127.190,4.260,0,127.510,4.340,5,127.520,4.580,0,127.520,2.980,0,129.320,2.980,5,129.320,4.590,0,129.330,4.430,0,129.970,4.520,0,131.050,5.660,0,131.920,6.150,0,132.580,6.200,28,133.030,6.030,0,142.550,6.040,0,151.010,6.060,28,160.680,6.050
1.000,203.000,6.009,6.023,4.245,3.366,97,5.800,6.550,6.110,5.810,0,20050903
28,-30.000,6.570,0,-21.800,6.550,28,-12.480,6.540,0,-7.720,6.930,0,-5.330,7.000,0,-3.010,5.770,5,-2.010,5.710,0,-2.010,4.680,0,-0.800,4.760,5,-0.800,5.710,2,0.000,5.810,1,0.000,6.009,24,0.100,5.800,0,0.580,6.170,0,1.730,6.340,0,6.660,7.790,0,11.100,9.340,0,11.600,9.530,0,12.650,9.740,3,17.890,10.370,0,18.450,10.550,0,18.980,10.570,0,19.550,10.630,0,20.870,10.680,0,22.170,10.660,0,22.640,10.630,0,23.140,10.460,3,23.710,10.230,0,27.580,8.380,0,30.490,7.070,0,35.370,6.660,0,37.200,6.530,0,40.660,4.950,24,43.060,4.220,2,46.050,4.090,12,46.050,4.245,0,47.060,3.970,0,48.800,2.720,13,50.400,2.430,0,50.530,1.220,16,50.880,1.134,0,51.780,0.520,0,54.530,0.470,0,56.980,0.550,0,60.620,0.490,0,63.020,0.600,0,65.370,0.570,0,67.900,0.690,0,69.880,0.760,0,70.800,0.920,16,71.360,1.134,0,73.820,1.980,0,76.000,2.750,0,76.450,2.850,12,77.020,3.366,2,77.020,3.230,13,77.710,3.250,0,78.690,3.100,0,80.720,3.480,0,82.780,5.050,0,83.460,5.200,25,87.930,5.180,0,92.880,7.160,0,95.850,7.290,0,100.940,9.750,0,102.250,10.190,3,102.830,10.350,0,103.780,10.530,0,104.110,10.680,0,105.700,10.720,0,107.230,10.670,0,107.810,10.540,0,108.010,10.450,0,108.280,10.220,3,108.450,10.140,0,113.100,7.950,0,116.310,7.670,25,120.390,6.110,0,122.330,6.010,18,123.960,6.023,2,123.960,5.890,0,124.510,5.770,0,126.080,4.310,0,126.460,4.270,5,126.470,4.640,0,126.470,3.120,0,128.210,3.120,5,128.210,4.640,0,128.220,4.500,0,128.820,4.450,0,131.200,6.260,0,131.960,6.290,28,133.130,5.820,0,139.250,5.800,0,148.840,5.810,0,156.580,5.820,28,164.020,5.810
1.200,204.000,5.915,5.864,3.728,3.304,87,5.900,5.820,6.030,5.570,0,20050903
28,-30.000,5.860,0,-20.000,5.840,0,-12.280,5.810,28,-5.850,5.700,0,-2.940,5.590,0,-2.640,5.690,5,-1.920,5.750,0,-1.920,4.620,0,-0.880,4.620,5,-0.880,5.710,2,0.000,5.830,1,0.000,5.915,24,0.730,5.900,0,3.380,6.370,0,9.380,8.780,0,15.440,9.270,3,17.160,10.140,0,18.530,10.530,0,20.260,10.640,0,21.980,10.600,0,22.430,10.500,3,23.300,10.130,24,29.970,7.090,0,32.650,6.970,0,33.210,6.910,0,35.740,5.820,0,36.490,5.650,0,37.040,5.630,2,41.750,3.560,12,41.750,3.728,13,43.490,2.960,0,45.410,1.720,10,47.270,1.510,0,50.590,1.490,16,51.210,1.150,10,52.360,-0.090,0,53.840,-0.190,0,54.910,-0.100,0,56.230,0.090,0,58.190,0.270,0,59.620,0.310,0,61.990,0.330,0,62.990,0.580,0,63.370,0.690,16,63.580,1.150,0,64.110,2.340,13,65.090,2.880,12,66.672,3.304,2,66.672,3.140,0,69.240,3.420,0,71.850,4.100,0,74.310,4.750,0,77.440,4.850,0,80.580,4.740,25,86.520,4.800,0,92.440,7.180,0,95.380,7.280,0,100.040,9.610,3,102.690,10.370,0,103.450,10.560,0,103.650,10.600,0,105.430,10.640,0,107.260,10.460,3,107.680,10.350,0,108.040,10.090,0,108.450,9.830,0,109.950,9.060,0,111.220,8.460,0,112.310,8.260,0,116.880,7.940,0,118.680,7.570,0,120.980,6.940,0,122.840,6.360,25,124.800,6.030,0,127.520,5.860,18,128.420,5.864,2,128.420,5.710,5,128.990,5.610,0,129.380,5.130,0,130.010,5.150,5,130.530,5.710,0,131.130,5.950,0,132.210,5.880,28,132.680,5.580,0,138.710,5.560,0,148.660,5.570,28,158.470,5.580
1.295,115.000,10.439,11.160,3.261,3.494,70,    ,    ,    ,    ,1,20050903
4,-30.210,9.060,0,-20.780,9.370,0,-12.080,9.720,4,-9.630,9.940,0,-8.410,10.000,2,0.000,10.410,1,0.000,10.439,0,9.040,10.960,14,14.420,11.060,0,17.350,11.210,14,21.010,11.350,0,24.680,11.610,0,24.680,11.820,0,28.280,11.972,0,29.180,11.990,0,29.180,10.140,0,30.080,10.140,0,30.080,9.190,10,30.860,9.010,0,37.000,6.200,0,43.770,6.190,0,45.650,5.320,0,58.470,4.640,10,58.880,4.530,0,62.870,3.120,2,65.210,3.080,12,65.210,3.261,13,66.200,3.080,0,66.610,2.520,0,67.280,2.300,10,68.630,1.340,0,69.680,1.380,16,70.130,1.190,10,71.030,0.620,0,71.610,0.460,0,72.350,0.290,0,73.240,0.160,0,74.160,-0.090,0,74.670,-0.060,0,75.000,0.090,0,76.610,0.170,0,77.260,0.220,10,77.660,0.380,16,78.540,1.190,0,78.740,1.280,0,81.590,1.330,0,82.680,1.070,0,86.400,1.400,10,87.330,2.160,13,88.190,3.250,12,88.620,3.494,2,88.620,3.390,10,89.660,3.580,0,94.640,6.170,0,95.380,6.250,0,99.520,6.180,10,105.620,8.920,0,106.320,8.920,0,106.320,10.168,0,107.220,10.170,0,107.220,11.960,0,111.720,11.800,4,111.720,11.550,0,115.370,11.320,18,119.190,11.160,2,119.190,11.160,4,119.410,11.150,0,125.970,10.880,0,133.170,10.590,0,139.540,10.320
ñyí∑ã¥,2.000,2
1.400,95.000,10.389,6.167,4.825,3.795,93,6.600,6.010,5.760,5.990,0,20050903
28,-50.240,6.130,28,-41.540,5.890,5,-32.740,5.940,0,-32.410,5.540,0,-31.870,5.530,5,-31.650,5.980,0,-24.300,6.230,0,-22.210,6.390,24,-18.300,6.600,0,-12.960,8.700,0,-7.280,9.130,0,-5.300,10.040,0,-4.950,10.160,3,-4.710,10.340,0,-4.420,10.530,0,-2.550,10.630,0,-0.900,10.600,0,-0.450,10.450,0,-0.300,10.270,2,0.000,10.230,1,0.000,10.389,3,0.300,10.180,0,4.750,7.750,24,8.230,6.320,0,13.900,6.270,0,20.830,6.300,0,23.020,5.810,0,24.210,5.290,0,26.320,5.350,0,28.870,5.740,0,33.130,5.470,0,36.080,4.740,2,38.470,4.530,12,38.470,4.825,13,38.910,4.370,0,40.110,3.460,0,40.740,3.160,0,41.260,2.070,0,42.060,1.780,16,42.430,1.270,0,43.850,1.170,0,46.970,1.150,0,48.370,1.020,0,49.320,0.730,0,51.480,0.710,0,53.070,0.590,0,54.160,0.370,0,54.710,0.600,0,57.160,0.570,0,58.290,0.590,0,59.590,0.990,16,60.910,1.270,0,62.120,1.590,0,62.430,2.160,0,63.440,2.600,13,64.760,3.590,12,65.060,3.795,2,65.060,3.690,0,65.470,3.830,0,68.810,4.040,0,72.280,5.690,0,79.380,5.730,0,82.460,5.740,25,85.210,5.750,0,93.040,9.440,0,95.020,10.170,3,95.810,10.400,0,96.020,10.470,0,96.360,10.480,0,98.120,10.560,0,99.950,10.580,0,100.650,10.330,0,101.120,10.130,3,101.760,10.020,0,102.890,9.440,0,106.550,7.740,0,108.010,7.630,0,110.140,7.410,25,114.930,5.760,0,118.350,5.850,18,123.380,6.167,2,123.380,6.000,0,123.930,5.810,5,124.580,5.300,0,124.980,4.840,0,125.600,4.810,5,126.270,5.640,0,127.010,6.140,0,127.650,6.160,28,127.920,5.990,0,138.420,5.980,0,148.440,6.000,28,155.640,5.990
1.600,201.000,10.445,6.395,3.613,3.471,88,7.140,6.160,6.340,6.120,0,20050803
28,-55.000,6.150,0,-44.950,6.180,28,-35.230,6.130,5,-26.050,6.190,0,-25.690,5.700,0,-25.340,5.720,5,-24.710,6.400,0,-23.340,6.560,0,-23.020,6.850,0,-22.080,6.860,0,-21.330,7.010,24,-18.850,7.140,0,-14.700,8.790,0,-9.800,9.100,0,-7.020,9.410,3,-4.980,10.270,0,-4.560,10.420,0,-3.970,10.630,0,-2.410,10.650,0,-0.900,10.610,2,0.000,10.300,1,0.000,10.445,3,0.700,10.030,0,2.740,8.880,0,5.490,8.380,0,7.280,7.660,24,13.680,4.570,0,16.000,4.480,0,18.390,3.550,2,19.440,3.390,12,19.440,3.613,13,20.010,3.270,0,21.420,2.360,10,23.920,1.870,0,26.380,1.820,16,27.050,1.360,10,27.670,0.940,0,29.410,0.830,0,30.390,0.580,0,31.910,0.550,0,32.650,0.330,0,33.020,0.380,0,35.080,0.310,0,36.320,0.210,0,36.940,0.220,0,38.490,0.880,0,39.080,1.040,16,39.780,1.360,0,39.920,1.420,0,40.030,2.370,13,41.000,3.020,0,42.180,3.150,12,42.740,3.471,2,42.740,3.360,0,44.850,3.550,0,47.180,3.600,0,51.630,5.540,0,53.070,5.800,0,57.340,5.920,0,62.510,5.920,25,66.340,6.010,0,73.860,9.520,0,75.070,10.000,3,76.760,10.540,0,77.440,10.690,0,77.740,10.710,0,79.560,10.750,0,81.100,10.650,0,81.460,10.530,3,82.510,10.080,0,86.890,7.960,0,90.020,7.740,25,93.950,6.340,0,100.450,6.450,0,103.080,6.330,18,103.720,6.395,2,103.720,6.220,0,104.730,6.270,5,105.540,5.610,0,105.970,5.070,0,106.440,5.080,5,106.800,5.540,0,108.240,6.560,0,108.950,6.570,28,109.550,6.110,0,118.810,6.120,0,128.830,6.110,28,135.770,6.130
1.800,210.000,10.401,6.563,3.785,3.135,83,7.620,6.740,6.670,6.240,0,20050903
0,-46.550,6.880,0,-38.650,7.110,28,-37.700,6.720,28,-33.350,6.760,5,-33.350,6.760,0,-32.310,6.030,0,-31.830,6.030,5,-31.140,6.540,0,-27.290,6.660,0,-25.640,6.550,0,-25.040,6.920,0,-23.350,7.260,0,-22.240,7.380,24,-17.730,7.620,0,-14.380,8.830,0,-7.690,9.190,3,-5.500,10.210,0,-4.280,10.490,0,-2.520,10.540,0,-1.000,10.490,2,0.000,10.250,1,0.000,10.401,3,0.600,10.060,0,6.640,6.890,0,10.250,6.790,24,13.000,5.670,0,17.790,5.600,0,24.790,5.470,0,26.570,5.140,13,29.600,4.700,0,31.890,3.670,2,32.970,3.540,12,32.970,3.785,0,34.410,3.000,10,35.400,1.990,0,39.470,1.820,16,40.220,1.400,10,41.560,0.710,0,42.390,0.580,10,44.140,0.800,16,45.020,1.400,0,45.680,1.750,0,50.100,1.810,10,50.560,1.950,0,51.890,2.750,12,52.430,3.135,2,52.430,2.990,0,54.120,3.990,0,55.000,4.140,13,55.000,4.830,25,58.560,5.060,0,62.960,7.180,0,67.200,7.370,0,72.050,9.850,3,73.190,10.250,0,74.190,10.550,0,74.510,10.590,0,74.710,10.600,0,76.670,10.590,0,78.100,10.520,3,78.990,10.320,0,84.120,7.820,0,87.180,7.690,25,90.460,6.670,0,97.290,6.710,0,101.260,6.440,0,102.690,6.680,0,103.680,6.680,0,104.980,6.450,18,105.960,6.563,2,105.960,6.360,0,106.640,6.490,0,107.770,6.530,5,108.420,6.260,0,108.640,5.920,0,108.970,5.900,5,109.190,6.200,0,109.800,6.650,0,110.240,6.670,28,110.700,6.240,0,115.960,6.250,0,125.960,6.230,28,135.960,6.260
1.915,100.000,10.339,11.261,5.194,5.179,75,7.230,6.270,6.560,5.840,3,20050903
28,-45.380,6.280,0,-36.370,6.270,28,-27.500,6.260,0,-27.250,6.450,5,-26.830,6.460,0,-26.330,5.880,0,-25.910,5.860,5,-25.150,6.640,0,-24.450,6.740,0,-23.800,6.990,0,-22.400,7.060,24,-17.590,7.230,0,-13.730,8.820,0,-7.290,9.140,3,-5.470,10.090,0,-4.440,10.390,0,-3.730,10.540,0,-2.200,10.550,0,-0.750,10.520,2,0.000,10.270,1,0.000,10.339,3,1.070,10.000,10,2.240,9.530,0,7.410,7.000,0,10.790,6.930,24,14.810,5.160,0,23.170,5.170,0,31.680,5.120,0,33.920,5.030,10,34.660,4.800,8,35.100,4.840,0,35.100,5.200,13,35.450,5.190,2,35.450,5.190,12,35.450,5.194,16,35.450,1.840,0,35.450,1.190,0,40.020,1.170,0,44.270,1.180,0,48.080,1.170,0,52.020,1.170,0,55.370,1.170,16,55.370,1.840,12,55.370,5.179,2,55.370,5.180,13,55.370,5.180,8,55.770,5.180,10,68.440,5.170,25,68.440,5.170,0,72.270,6.633,0,75.170,6.760,10,80.200,9.310,0,82.700,10.660,3,83.450,11.030,18,83.980,11.261,2,83.980,11.260,0,84.260,11.350,0,85.840,11.430,0,87.530,11.420,3,88.130,11.180,0,93.360,8.450,0,96.240,8.330,25,100.700,6.560,0,105.710,6.420,0,111.670,6.380,0,116.290,6.400,5,121.020,6.240,0,121.390,5.970,0,121.700,6.010,5,122.370,6.740,0,123.290,6.850,0,126.640,6.690,28,127.430,5.830,0,133.980,5.840,28,143.980,5.830
êºñyëÊàÍópêÖâÅÅiâ∫ó¨Åj,1.000,20.000
1.920,3.000,10.387,11.266,5.189,5.185,75,7.220,6.290,6.440,5.840,3,20050903
28,-46.620,6.280,0,-37.000,6.290,28,-26.990,6.280,0,-26.790,6.430,5,-26.310,6.380,0,-26.000,5.870,0,-25.680,5.880,5,-25.060,6.610,0,-23.600,6.940,0,-22.010,7.100,24,-17.170,7.220,0,-13.280,8.800,0,-7.460,9.130,3,-4.840,10.130,0,-3.680,10.450,0,-1.900,10.510,0,-0.500,10.480,2,0.000,10.340,1,0.000,10.387,3,0.900,10.090,0,2.160,9.470,10,2.470,9.450,0,7.540,7.040,0,10.730,6.940,24,15.100,5.150,0,23.530,5.170,0,30.060,5.150,10,33.980,5.070,0,34.980,4.910,8,34.980,5.190,13,35.710,5.190,2,35.710,5.190,12,35.710,5.189,16,35.710,2.170,0,35.710,2.110,0,40.050,2.130,0,44.760,2.150,0,49.740,2.140,0,55.720,2.130,16,55.720,2.170,12,55.721,5.185,2,55.721,5.190,13,55.720,5.190,8,56.420,5.190,10,68.870,5.170,25,68.870,5.170,0,72.410,6.616,0,75.500,6.770,10,80.510,9.310,3,83.550,10.910,0,83.960,11.110,18,84.344,11.266,2,84.340,11.230,0,84.650,11.330,0,85.060,11.460,0,86.420,11.480,0,87.880,11.450,3,88.450,11.200,0,93.760,8.550,0,96.610,8.300,25,101.620,6.440,0,105.970,6.400,0,112.040,6.420,0,113.940,7.810,0,117.400,7.830,0,120.350,6.430,4,121.190,6.330,4,125.490,6.250,5,125.490,6.250,0,126.250,5.900,0,126.640,5.910,5,127.960,6.800,0,131.850,6.710,28,133.080,5.830,28,144.340,5.840
êºñyëÊàÍópêÖâÅÅiè„ó¨Åj,0.000,20.000
2.000,103.000,6.726,10.437,5.163,5.085,94,7.300,6.320,6.390,5.940,0,20050903
28,-40.000,6.310,0,-33.060,6.300,0,-23.080,6.310,0,-13.240,6.360,28,-4.600,6.310,5,-3.910,6.380,0,-3.590,5.880,0,-3.210,5.900,5,-2.260,6.790,0,-1.510,6.790,0,-0.800,7.050,2,0.000,7.110,1,0.000,6.726,24,6.520,7.300,0,10.460,8.870,0,16.480,9.040,3,19.490,10.280,0,20.010,10.470,0,21.720,10.480,0,23.600,10.420,0,24.790,10.270,3,25.220,10.140,0,26.820,9.610,0,31.860,7.350,0,34.840,7.190,24,39.400,5.410,0,45.410,5.380,10,50.270,5.160,13,51.490,5.160,2,51.490,5.160,12,51.490,5.163,10,52.790,4.430,0,54.090,4.020,0,55.060,3.880,16,56.570,2.560,0,57.570,2.320,10,58.010,2.230,0,58.160,2.230,0,58.160,1.630,0,60.030,1.520,0,61.990,1.520,0,63.430,1.540,0,64.950,1.450,0,65.750,1.410,0,67.300,1.220,0,68.320,1.180,0,70.050,1.050,0,70.830,1.090,10,70.830,2.230,0,71.320,2.230,16,72.190,2.560,10,74.080,3.380,0,74.280,4.100,0,75.830,4.240,12,77.720,5.085,2,77.720,5.120,13,77.720,5.120,10,77.720,5.120,0,78.880,5.080,0,83.320,5.150,0,94.210,5.280,25,99.310,5.330,0,102.830,6.770,0,106.350,6.940,0,112.530,9.710,18,114.100,10.437,2,114.100,10.340,3,114.100,10.340,0,114.960,10.670,0,116.730,10.730,0,118.520,10.640,3,120.000,10.070,0,124.380,7.920,0,128.240,7.710,25,132.220,6.390,0,138.800,6.220,0,139.100,6.190,0,141.440,5.730,0,142.740,5.070,5,144.400,5.040,0,144.400,3.970,0,145.500,4.190,5,145.500,4.990,0,146.730,5.050,0,149.340,5.910,0,150.680,6.210,5,151.450,6.140,0,152.980,5.660,0,154.400,5.640,5,155.580,6.060,28,158.410,5.900,0,165.020,5.960,0,172.100,5.930,28,175.130,5.920
2.200,213.000,10.179,6.166,4.425,4.505,113,7.720,6.150,6.060,6.090,0,20050903
28,-73.710,6.170,0,-69.450,6.160,0,-59.750,6.120,28,-50.600,6.210,5,-49.740,6.400,0,-49.270,6.020,0,-49.020,6.040,5,-48.580,6.330,0,-44.550,6.200,5,-43.480,5.800,0,-43.480,5.330,0,-43.000,5.330,5,-43.000,5.770,0,-42.330,5.910,0,-38.940,7.940,4,-38.160,7.980,0,-35.920,7.980,14,-35.840,7.830,0,-30.740,7.840,14,-25.830,7.710,4,-25.460,7.730,0,-24.540,7.270,5,-21.890,7.060,0,-21.890,6.610,0,-21.390,6.610,5,-21.390,7.060,0,-18.110,7.280,0,-17.330,7.650,0,-15.800,7.730,24,-13.240,7.720,3,-6.860,10.420,0,-6.270,10.560,0,-3.590,10.540,0,-1.330,10.510,0,-0.700,10.410,2,0.000,10.180,1,0.000,10.179,3,0.840,9.910,0,1.900,9.580,0,6.790,7.310,0,9.620,7.200,24,14.000,5.610,0,19.560,5.460,0,22.500,4.290,2,23.170,4.120,12,23.170,4.425,13,23.660,4.030,0,24.740,3.160,10,27.840,2.570,16,27.840,2.570,0,28.890,2.480,10,29.790,1.830,0,31.290,1.430,0,32.500,1.290,0,34.330,1.430,0,35.810,1.560,0,36.860,1.660,0,38.920,1.660,0,40.630,1.860,0,43.060,1.950,0,44.110,2.040,0,45.200,2.230,16,45.770,2.578,0,47.690,3.640,13,48.160,4.400,12,49.430,4.505,2,49.430,4.380,0,50.770,4.390,0,54.050,4.840,0,58.400,4.780,0,61.000,5.290,0,65.590,5.600,0,71.470,7.290,0,72.210,7.310,25,77.280,7.370,0,83.120,10.150,3,83.970,10.410,0,84.510,10.610,0,84.780,10.750,0,86.780,10.790,0,88.090,10.700,0,88.630,10.360,3,89.610,10.000,0,91.090,9.230,0,94.000,7.930,0,97.070,7.770,0,100.890,6.530,25,104.460,6.060,18,109.970,6.166,2,109.970,6.010,0,110.960,5.370,5,112.860,5.260,0,112.860,4.140,0,113.930,4.210,5,113.930,5.270,0,115.430,5.520,0,116.460,5.920,0,119.530,6.260,0,120.040,6.270,0,122.660,5.950,0,127.640,6.010,0,129.650,6.490,5,132.280,6.300,0,132.870,6.050,0,133.970,5.840,5,134.690,6.310,5,138.050,6.050,0,139.530,4.860,0,140.510,4.850,5,142.630,6.330,0,143.910,6.340,28,144.580,6.080,28,154.970,6.090
2.400,200.000,10.438,10.222,4.421,6.040,107,7.290,6.380,6.240,5.990,0,20050903
28,-58.950,6.380,0,-50.000,6.380,28,-44.030,6.380,0,-43.860,6.560,5,-43.560,6.570,0,-43.290,6.030,0,-43.000,6.010,5,-42.870,6.430,0,-38.220,6.350,5,-37.900,6.180,0,-37.900,5.730,0,-37.400,5.730,5,-37.400,6.180,0,-37.000,6.240,0,-34.370,7.780,4,-33.940,7.780,0,-31.640,7.760,0,-31.600,7.600,0,-26.870,7.720,4,-22.030,7.560,0,-21.390,7.430,5,-18.140,7.160,0,-18.140,6.720,0,-17.670,6.720,5,-17.670,7.160,24,-15.500,7.290,0,-14.010,7.810,0,-13.690,7.840,0,-11.450,8.020,3,-6.020,10.100,0,-5.050,10.420,0,-2.800,10.460,0,-0.730,10.400,2,0.000,10.380,1,0.000,10.438,3,0.620,10.070,0,1.320,9.740,0,6.260,7.350,0,9.420,7.160,24,13.500,5.540,0,16.680,5.420,10,17.600,5.330,0,18.080,5.300,10,18.860,4.970,0,20.650,4.330,2,21.340,4.270,12,21.340,4.421,13,21.840,4.060,0,21.970,3.630,10,22.350,3.330,16,23.920,2.580,0,25.650,2.520,0,27.020,1.620,10,28.250,0.770,0,29.560,0.390,0,31.850,0.390,0,32.890,0.520,0,33.870,0.930,0,35.270,1.440,0,36.170,1.770,0,37.510,2.170,16,37.570,2.583,13,39.260,4.060,0,40.440,4.190,0,42.200,5.780,12,42.830,6.040,2,42.830,5.940,0,43.500,6.260,0,46.330,7.010,0,50.110,7.460,0,56.880,7.620,0,58.840,7.650,0,61.240,7.990,25,62.460,8.000,0,64.290,8.420,0,66.950,8.620,18,70.090,10.222,2,70.090,10.160,3,70.640,10.310,0,71.310,10.590,0,72.660,10.660,0,74.590,10.550,3,75.190,10.350,0,75.970,10.110,0,80.650,7.770,0,83.700,7.640,25,87.780,6.240,0,93.300,6.200,0,93.680,6.190,0,94.790,5.580,5,97.690,5.360,0,97.690,4.320,0,98.810,4.270,5,98.810,5.310,0,100.340,5.340,0,100.910,5.540,0,103.240,5.610,0,103.870,6.040,0,104.570,6.100,0,104.840,5.940,0,110.090,5.960,0,121.380,5.960,0,121.650,6.210,0,122.120,6.220,28,122.500,5.980,0,130.090,5.990,28,140.090,5.980
2.600,200.000,10.350,5.696,5.499,4.892,101,7.430,6.240,5.590,5.790,0,20050905
0,-54.950,6.310,5,-54.300,6.330,0,-53.960,5.810,0,-53.800,5.810,5,-53.530,6.360,0,-53.300,6.370,28,-53.200,6.250,28,-42.163,6.230,0,-41.990,6.390,0,-41.590,6.320,0,-40.920,5.850,5,-40.670,5.830,0,-40.670,5.360,0,-40.180,5.360,5,-40.180,5.800,0,-39.700,5.850,0,-36.580,7.710,4,-36.160,7.750,0,-33.870,7.750,0,-33.790,7.610,0,-27.740,7.630,4,-23.000,7.430,0,-20.250,7.260,0,-17.940,7.240,24,-14.710,7.430,0,-14.300,7.600,0,-13.760,7.690,0,-12.660,7.770,3,-7.140,10.090,0,-6.000,10.440,0,-3.320,10.490,0,-1.880,10.420,0,-1.620,10.320,2,0.000,10.140,1,0.000,10.350,3,0.630,10.040,0,1.150,9.850,24,6.600,7.210,0,9.620,7.050,0,13.450,5.530,0,18.870,5.420,2,23.480,5.230,12,23.480,5.499,13,24.320,5.120,0,24.320,3.610,16,25.700,2.588,0,25.900,2.100,0,27.320,1.980,0,27.910,1.810,0,29.730,1.680,0,31.800,1.620,0,34.180,1.640,0,36.530,1.690,0,38.620,1.800,0,40.990,1.820,0,42.130,2.230,16,42.990,2.589,0,43.540,2.970,0,44.730,3.790,13,45.590,4.190,0,47.400,4.260,12,49.510,4.892,2,49.510,4.740,0,54.490,4.750,0,59.590,4.520,0,61.560,4.960,0,65.530,5.390,0,72.190,7.280,0,72.580,7.340,25,76.620,7.600,3,83.560,10.300,0,83.930,10.350,0,84.070,10.440,0,84.210,10.528,0,84.780,10.670,0,86.310,10.710,0,87.720,10.680,0,88.110,10.590,0,88.410,10.500,3,88.770,10.310,0,89.330,10.130,0,93.810,7.890,0,96.980,7.710,0,101.880,6.010,0,106.160,5.750,25,106.520,5.590,18,108.500,5.696,2,108.500,5.550,5,109.680,5.440,0,109.680,4.400,0,110.740,4.430,5,110.740,5.440,0,115.000,5.370,0,115.660,5.620,0,117.460,5.810,0,119.270,5.970,28,119.600,5.790,0,128.500,5.780,0,138.500,5.800,0,148.500,5.790,28,158.500,5.770
2.800,203.000,10.213,10.335,5.135,5.108,96,7.490,6.480,6.130,5.790,0,20050905
23,-54.770,6.780,0,-53.420,6.750,28,-52.700,6.560,28,-45.770,6.400,0,-44.400,5.450,5,-44.010,5.430,0,-44.010,5.020,0,-43.550,5.000,5,-43.550,5.450,0,-43.180,5.460,0,-39.410,7.790,4,-38.880,7.790,0,-36.650,7.730,0,-36.540,7.610,0,-31.800,7.780,0,-27.160,7.610,4,-26.680,7.580,0,-26.260,7.350,5,-22.330,7.060,0,-22.330,6.660,0,-21.880,6.660,5,-21.880,7.060,0,-18.030,7.260,24,-14.550,7.490,0,-14.100,7.650,0,-11.580,7.850,3,-6.370,10.170,0,-5.440,10.420,0,-3.380,10.550,0,-1.700,10.390,0,-1.400,10.250,3,0.000,10.080,2,0.000,10.080,1,0.000,10.213,0,0.880,9.780,0,6.010,7.260,0,9.310,7.090,24,13.480,5.390,0,18.730,5.340,0,23.620,5.200,13,27.570,4.930,2,27.570,4.930,12,27.570,5.135,0,28.060,4.580,0,28.590,4.120,16,28.650,2.600,0,29.780,2.090,0,31.720,1.900,0,35.160,1.790,0,37.710,1.820,0,40.450,1.730,0,43.090,1.690,0,45.200,1.660,0,48.170,1.810,0,49.050,2.240,16,49.820,2.599,0,52.250,3.700,0,53.530,4.390,0,54.530,4.580,0,55.250,4.890,12,55.630,5.108,2,55.630,4.990,13,55.630,4.990,0,59.600,5.180,0,61.900,5.770,0,65.410,6.030,0,67.600,6.430,0,69.400,6.560,25,73.700,6.800,0,79.770,9.660,18,80.970,10.335,2,80.970,10.150,3,80.970,10.150,0,81.640,10.460,0,82.340,10.620,0,83.780,10.660,0,85.330,10.610,0,86.000,10.390,3,86.860,10.150,0,91.200,7.940,0,93.790,7.780,0,94.440,7.700,25,98.830,6.130,0,100.220,5.980,0,103.280,5.570,5,105.160,5.530,0,105.160,4.520,0,106.240,4.540,5,106.240,5.530,0,106.780,5.450,0,108.080,5.930,0,108.720,5.920,28,109.040,5.780,0,120.970,5.790,0,130.970,5.800,28,143.370,5.800
3.000,201.000,7.776,6.223,5.996,5.770,104,8.140,7.130,6.310,6.040,0,20050905
28,-41.020,7.130,28,-34.770,7.130,19,-32.660,7.040,0,-32.140,6.990,0,-31.460,6.700,0,-26.710,6.540,0,-25.680,5.910,5,-25.440,5.880,0,-25.440,5.440,0,-24.970,5.450,5,-24.970,5.890,0,-24.750,5.910,0,-20.950,8.130,4,-20.400,8.160,0,-18.080,8.110,0,-17.980,7.940,0,-13.340,8.070,4,-8.730,7.920,0,-4.230,7.900,2,0.000,7.820,1,0.000,7.776,0,3.540,8.000,24,5.930,8.140,0,9.560,9.920,3,11.350,10.890,0,11.750,10.960,0,13.300,10.970,0,15.300,10.910,0,15.620,10.858,3,16.010,10.720,8,16.280,10.500,0,16.630,10.500,8,16.630,10.190,10,18.870,9.170,0,23.750,6.601,0,27.070,6.690,10,29.740,5.680,24,29.740,5.680,0,30.190,5.760,8,30.690,5.990,13,30.690,5.990,2,30.690,5.990,12,30.690,5.996,0,30.690,2.710,0,33.600,2.720,0,37.730,2.710,8,38.850,2.710,0,39.730,3.040,0,41.670,3.180,0,43.000,3.150,0,45.040,2.750,16,45.450,2.710,10,45.620,2.680,0,45.790,2.680,10,46.950,2.140,0,48.040,2.120,0,50.390,2.330,0,53.770,2.410,0,57.370,2.480,0,61.190,2.540,0,64.990,2.610,0,69.870,2.660,10,71.750,2.650,16,71.840,2.710,12,78.010,5.770,2,78.010,5.770,13,78.010,5.770,25,80.040,5.750,0,82.960,6.770,0,86.300,6.830,10,91.260,9.240,3,93.360,10.240,0,94.010,10.460,0,94.210,10.490,0,94.660,10.590,0,96.220,10.600,0,97.550,10.560,0,98.100,10.400,0,98.540,10.180,3,98.800,10.120,0,99.290,9.930,0,103.260,7.860,0,106.490,7.670,0,108.550,7.020,25,110.760,6.310,0,112.510,6.230,18,116.100,6.223,2,116.100,6.080,0,117.040,6.060,5,118.360,5.970,0,118.360,5.130,0,119.390,4.990,5,119.390,5.940,0,120.910,5.950,0,121.640,6.350,0,122.170,6.340,28,122.600,6.030,0,132.440,6.030,0,143.100,6.050,0,152.260,6.040,28,156.860,6.040,0,157.360,6.260,0,157.800,6.240,0,158.110,6.010
3.200,196.000,10.345,10.410,4.790,4.437,82,7.410,7.090,6.650,6.220,0,20050905
23,-60.800,7.050,0,-54.220,7.070,0,-44.720,7.400,28,-40.760,7.140,19,-30.790,7.040,28,-28.960,7.110,19,-19.670,7.280,24,-19.240,7.410,0,-16.320,9.240,0,-15.550,9.250,0,-8.190,9.530,3,-6.270,10.470,0,-5.760,10.600,0,-3.290,10.660,0,-1.760,10.620,3,-1.000,10.530,2,0.000,10.280,1,0.000,10.345,10,1.800,9.300,0,6.130,7.200,0,10.180,7.230,24,15.250,5.350,10,15.560,5.340,0,21.320,5.420,0,29.210,5.430,0,35.000,5.260,0,37.250,4.780,2,41.000,4.530,12,41.000,4.790,0,41.840,4.380,0,42.360,4.260,0,43.070,3.920,13,44.230,3.880,0,44.230,3.000,16,44.700,2.780,0,44.950,2.530,0,47.470,2.480,0,50.190,2.400,0,52.850,2.450,17,55.720,2.270,0,56.230,2.340,0,57.010,2.560,16,57.010,2.780,17,57.440,3.300,13,57.700,4.000,0,58.290,4.060,0,59.540,3.800,0,63.120,3.710,12,66.330,4.437,2,66.330,4.440,10,66.330,4.440,0,66.710,4.540,25,75.770,4.460,0,82.030,6.820,0,85.330,6.950,10,90.070,9.090,3,91.570,9.860,18,92.520,10.410,2,92.520,10.230,0,92.750,10.400,0,93.500,10.600,0,94.840,10.610,0,96.300,10.570,3,97.220,10.330,0,97.950,10.020,0,102.390,7.760,0,104.650,7.690,0,105.690,7.610,25,108.730,6.650,0,113.760,6.720,0,114.260,6.380,5,116.970,6.190,0,116.970,5.360,0,118.050,5.330,5,118.050,6.240,0,118.760,6.250,0,119.240,6.590,0,119.950,6.550,28,120.290,6.230,0,132.520,6.220,0,142.520,6.210,28,155.630,6.210
3.400,200.000,6.416,10.108,4.356,5.603,101,6.180,6.160,6.760,6.240,0,20050905
28,-30.000,6.150,0,-20.000,6.160,0,-9.270,6.180,28,-3.150,6.150,0,-2.960,6.400,5,-2.690,6.400,0,-1.940,5.660,0,-1.290,5.680,5,-0.590,6.260,2,0.000,6.290,1,0.000,6.416,0,7.550,6.190,24,13.180,6.180,0,18.280,7.640,0,21.320,7.710,0,24.580,9.260,3,26.220,10.080,0,27.610,10.550,0,29.330,10.620,0,31.410,10.560,0,32.240,10.280,3,32.400,10.230,0,34.520,9.300,0,40.960,7.440,24,44.570,6.550,0,51.900,6.260,0,60.170,6.210,0,68.000,6.200,0,76.240,6.100,0,84.240,6.060,0,88.970,5.980,0,91.360,5.830,0,97.090,4.730,0,100.270,4.190,2,104.860,4.130,12,104.860,4.356,13,106.980,4.040,0,106.980,3.180,0,107.290,3.060,16,107.290,2.890,0,107.390,2.670,0,107.750,2.520,0,108.310,2.270,0,110.940,2.370,0,113.080,2.150,0,115.430,2.060,0,117.200,2.270,0,118.570,2.420,0,118.920,2.460,16,119.120,2.890,0,119.700,3.250,13,120.140,4.070,0,123.260,4.020,0,125.340,4.270,0,127.270,5.270,12,127.720,5.603,2,127.720,5.360,0,128.460,5.470,0,130.240,6.740,0,131.100,6.900,0,133.880,7.020,25,138.090,7.210,0,141.240,8.510,0,143.660,9.880,18,143.870,10.108,2,143.870,9.990,3,144.380,10.270,0,144.650,10.410,0,145.160,10.560,0,146.860,10.600,0,148.210,10.590,0,148.940,10.400,3,149.610,10.090,0,150.150,9.860,0,154.150,7.930,0,157.130,7.830,0,158.020,7.680,0,162.570,7.470,25,163.530,6.760,0,164.200,6.650,0,165.250,6.550,5,166.170,6.370,0,166.170,5.320,0,167.230,5.320,5,167.230,6.370,0,168.320,6.410,0,170.730,6.570,4,172.520,6.590,4,175.480,6.580,5,176.050,6.530,0,176.150,6.230,0,176.450,6.230,5,176.550,6.530,0,177.020,6.550,28,177.400,6.260,0,183.870,6.250,0,193.870,6.240,28,201.300,6.230,0,201.830,6.500,0,203.100,6.490,0,203.960,6.170
3.600,170.000,6.388,10.380,4.639,4.822,90,6.070,6.130,6.720,6.130,0,20050905
28,-30.000,6.100,0,-20.000,6.140,0,-13.930,6.110,28,-3.000,6.160,0,-2.800,6.280,5,-2.440,6.270,0,-1.730,5.620,0,-1.130,5.700,5,-0.640,6.170,2,0.000,6.250,1,0.000,6.388,0,8.660,6.150,24,12.630,6.070,0,17.300,7.590,0,20.380,7.770,3,24.970,10.070,0,25.740,10.380,0,26.190,10.560,0,27.680,10.610,0,29.300,10.610,0,29.990,10.380,0,30.590,10.160,3,30.950,10.050,0,34.900,8.480,0,40.350,7.040,24,43.880,6.330,0,51.040,5.990,0,59.370,5.910,0,68.330,5.950,0,76.820,5.960,0,85.250,5.880,0,94.190,5.870,0,95.920,5.760,0,100.970,5.130,0,108.910,5.120,0,113.850,4.470,2,119.520,4.330,12,119.520,4.639,13,120.240,4.240,0,121.530,3.910,0,122.430,3.190,16,123.760,2.940,0,124.140,2.830,0,124.810,2.410,0,126.610,2.200,0,128.360,2.010,0,129.730,2.260,0,130.670,2.370,0,131.330,2.780,16,131.830,2.940,0,132.790,3.430,0,133.810,4.310,0,134.620,4.560,12,134.910,4.822,2,134.910,4.740,0,135.580,5.010,13,138.870,7.000,0,139.450,7.090,25,142.890,7.260,0,144.820,8.020,0,148.180,10.080,18,148.760,10.380,2,148.760,10.250,3,149.120,10.400,0,149.590,10.520,0,151.010,10.540,0,152.950,10.450,0,153.310,10.230,3,154.130,9.970,0,158.320,7.890,0,159.880,7.800,0,161.660,7.690,0,163.280,7.090,0,164.080,6.990,25,165.690,6.720,0,169.560,6.530,0,170.440,6.340,5,171.360,6.380,0,171.710,5.340,0,172.710,5.380,5,173.050,6.370,0,173.500,6.100,0,174.310,6.140,0,174.840,6.630,0,175.390,6.630,28,175.820,6.160,0,185.960,6.140,0,195.580,6.100,0,205.510,6.110,28,215.490,6.140
3.800,220.000,7.000,10.331,4.863,5.346,115,6.990,6.690,6.697,5.010,0,20050905
28,-30.000,6.680,0,-20.000,6.690,28,-10.070,6.680,5,-10.070,6.680,0,-9.390,6.060,0,-8.790,6.060,5,-8.070,6.670,0,-3.380,6.840,24,0.000,6.990,2,0.000,6.990,1,0.000,7.000,3,4.030,10.210,0,10.270,10.260,0,11.020,9.990,0,15.490,10.000,0,19.550,10.090,0,22.030,10.490,0,23.790,10.660,0,25.980,10.650,0,26.200,10.560,3,26.480,10.410,0,27.070,10.130,24,32.220,6.920,0,32.820,6.740,0,33.250,6.690,0,35.580,6.430,0,37.850,5.890,0,40.530,6.590,0,44.720,6.020,0,48.220,5.730,0,52.840,5.460,0,58.190,5.260,0,63.210,5.130,0,70.720,5.060,0,72.170,4.990,0,77.550,4.950,0,82.660,5.000,0,88.140,5.090,13,93.860,5.070,0,94.740,4.640,0,95.440,4.650,0,96.040,4.880,2,96.710,4.620,12,96.710,4.863,0,98.640,3.920,0,100.070,3.390,16,101.820,3.080,0,102.760,2.880,0,105.340,2.920,0,106.100,2.800,0,107.440,2.790,0,108.930,2.820,0,109.270,2.920,0,112.600,2.970,0,117.050,3.010,16,117.380,3.080,0,120.620,4.050,0,122.370,4.540,13,124.300,5.130,12,126.600,5.346,2,126.600,5.130,0,131.080,5.060,0,137.560,5.110,0,146.760,5.130,0,155.240,5.210,0,164.980,5.340,0,172.310,5.440,0,173.060,5.260,0,174.790,5.320,16,179.420,3.010,0,179.620,2.860,0,180.940,2.900,0,182.950,2.900,0,184.760,2.910,16,185.440,3.010,0,185.800,3.060,0,186.650,3.060,16,187.480,3.010,0,188.200,2.950,0,189.450,2.960,16,190.130,3.010,0,196.080,5.440,5,198.860,5.450,0,199.250,5.170,0,199.500,5.180,5,199.710,5.440,25,201.300,5.490,0,206.400,8.470,0,216.880,8.650,0,219.050,7.220,0,223.040,7.110,3,229.120,10.040,18,229.860,10.331,2,229.860,10.270,0,230.300,10.430,0,230.720,10.490,0,232.230,10.520,0,233.880,10.410,3,234.290,10.270,0,234.910,10.070,0,239.630,7.770,0,242.260,7.620,0,242.930,7.570,25,245.390,6.697,5,252.620,5.430,0,252.970,4.430,0,253.990,4.430,5,254.310,5.430,0,256.180,5.350,0,257.200,5.200,0,259.620,5.250,28,259.980,4.960,0,268.240,5.010,0,277.440,5.020,28,287.510,5.020
4.000,203.000,7.294,6.675,5.369,4.766,79,7.180,7.010,6.720,6.460,0,20050905
0,-34.200,6.990,28,-25.680,7.000,28,-16.870,7.020,5,-7.390,6.930,0,-7.090,6.540,0,-6.800,6.570,5,-6.510,7.030,0,-4.710,7.590,0,-4.180,7.320,5,-3.270,7.260,0,-2.290,6.520,0,-1.580,6.480,5,-0.600,7.150,2,0.000,7.170,1,0.000,7.294,24,0.930,7.180,0,2.870,7.430,3,9.190,9.750,0,10.660,10.080,0,15.310,10.390,0,19.910,10.590,0,21.530,10.640,0,23.240,10.590,0,23.510,10.410,3,24.170,10.110,0,29.390,7.430,0,33.380,7.360,0,35.400,7.240,24,39.420,6.250,0,45.310,5.690,0,48.680,5.620,2,53.100,5.180,12,53.100,5.369,13,54.120,5.040,0,54.840,4.170,16,54.970,3.257,0,55.310,2.970,0,56.460,2.710,0,58.270,2.730,0,60.500,2.900,0,62.750,2.990,0,64.950,2.970,0,66.970,2.890,16,67.120,3.258,13,67.450,4.130,0,68.560,4.190,0,69.450,4.440,12,70.080,4.766,2,70.080,4.490,0,77.320,4.480,25,81.990,4.820,10,85.790,5.500,0,89.420,5.650,0,93.030,6.687,0,96.640,6.770,10,101.830,8.900,3,104.110,9.970,0,104.460,10.030,0,104.840,10.190,0,104.940,10.240,0,106.950,10.240,0,108.320,10.210,0,116.690,9.620,0,118.890,9.476,0,119.040,9.420,3,119.660,9.230,0,122.780,8.010,25,126.700,6.720,18,127.380,6.675,2,127.380,6.680,5,128.490,6.720,0,128.800,5.720,0,129.830,5.740,5,130.150,6.710,28,134.190,6.580,0,138.470,6.540,0,148.090,6.420,28,153.830,6.300,0,161.990,6.140
4.200,201.000,6.797,10.274,5.017,4.863,116,6.750,6.630,7.260,6.060,0,20050906
28,-30.000,6.610,0,-20.000,6.620,0,-15.450,6.630,28,-8.800,6.680,0,-8.340,7.000,5,-8.020,7.020,0,-7.430,6.310,0,-7.120,6.410,5,-6.480,7.300,0,-4.050,7.220,0,-2.580,6.780,5,-1.560,6.690,0,-1.370,6.520,0,-1.110,6.540,5,-0.960,6.660,2,0.000,6.690,1,0.000,6.797,0,6.010,6.700,24,9.030,6.750,0,12.500,7.790,0,15.590,7.910,0,19.540,9.790,3,20.630,10.270,0,21.570,10.710,0,23.160,10.690,0,25.140,10.680,0,25.540,10.500,3,25.680,10.430,0,26.280,10.230,0,32.170,7.510,0,35.670,7.180,24,43.920,5.260,0,51.390,5.110,0,60.320,5.220,2,66.310,4.770,12,66.310,5.017,13,66.810,4.610,0,67.390,4.150,0,67.390,3.430,16,67.950,3.320,0,68.900,3.160,0,71.670,3.160,0,73.780,3.080,0,76.500,2.910,0,78.560,2.880,0,79.600,2.920,0,79.820,2.980,0,80.610,3.070,16,80.670,3.320,0,81.060,3.630,0,81.470,3.840,0,82.200,3.950,13,83.050,4.480,12,84.370,4.863,2,84.370,4.640,0,86.810,4.610,0,92.750,4.670,0,98.740,4.990,25,102.380,5.240,0,106.330,6.480,0,107.920,6.660,0,113.200,6.770,3,119.130,9.720,18,119.900,10.274,2,119.900,10.130,0,120.450,10.190,0,120.930,10.320,0,121.000,10.390,0,122.220,10.390,0,123.890,10.380,0,124.600,10.190,3,125.720,9.840,0,128.770,8.280,0,129.330,8.250,4,129.890,8.400,4,132.730,8.340,25,135.140,7.260,0,140.910,7.190,0,142.060,7.090,0,142.980,6.750,5,143.360,6.810,0,143.700,5.760,0,144.680,5.760,5,145.010,6.780,0,146.590,6.640,5,148.400,6.200,0,148.820,5.780,0,149.560,5.760,5,150.200,6.180,28,154.450,6.040,28,157.290,6.070,0,158.450,6.360,0,160.280,7.240,0,160.810,7.220,5,160.930,7.220,0,160.930,6.220,0,162.340,6.220,0,162.340,6.920,0,162.430,6.920,0,162.430,6.200,0,162.730,6.200,5,162.730,7.200,0,162.850,7.200,0,162.850,7.080,0,163.080,7.050,0,164.800,5.830,0,165.410,5.650,5,165.480,5.650,0,165.480,5.060,0,165.720,5.060,5,165.720,5.650,0,165.850,5.650,0,167.510,6.230,4,172.850,7.050,0,181.260,7.080,4,188.360,7.030
4.400,196.000,7.198,6.829,4.814,4.844,97,6.890,6.690,6.990,6.430,0,20050906
0,-33.010,6.450,0,-22.400,6.370,0,-21.760,7.010,0,-21.300,7.040,0,-20.860,6.770,28,-19.300,6.670,28,-8.520,6.710,5,-8.520,6.740,0,-8.130,6.340,0,-7.810,6.440,5,-7.450,6.940,2,0.000,7.080,1,0.000,7.198,0,4.040,7.060,0,5.280,6.860,24,10.870,6.890,0,13.380,7.790,0,15.690,7.880,0,18.770,9.050,0,20.580,9.940,3,21.660,10.420,0,22.390,10.670,0,23.940,10.710,0,25.890,10.700,0,26.220,10.570,3,26.990,10.260,0,29.190,8.980,0,30.660,8.320,24,32.080,7.850,0,38.510,7.590,0,44.950,6.340,0,52.760,6.200,0,58.710,6.190,0,59.580,6.200,13,61.510,5.900,0,63.850,4.790,2,64.620,4.610,12,64.620,4.814,0,65.100,4.450,0,65.650,4.240,0,66.580,4.030,16,67.560,3.380,0,67.990,3.120,0,70.380,3.100,0,72.690,3.020,0,74.990,2.850,0,75.580,2.780,0,76.220,2.730,0,77.320,3.060,16,78.110,3.380,0,79.180,3.620,0,79.780,3.810,0,79.980,4.480,13,80.520,4.750,12,81.080,4.844,2,81.080,4.770,0,85.970,4.540,0,86.550,4.790,0,89.680,5.220,0,101.920,5.460,0,109.800,5.710,25,113.080,5.990,0,118.930,7.430,0,126.310,7.660,3,131.340,10.200,0,131.980,10.400,0,132.310,10.587,0,133.730,10.610,0,135.200,10.600,0,135.950,10.400,3,136.900,10.080,0,141.480,7.750,0,144.700,7.650,25,146.790,6.990,0,151.830,6.930,5,152.840,6.840,0,153.140,5.850,0,154.170,5.860,5,154.480,6.820,18,156.240,6.829,2,156.240,6.690,5,157.370,6.510,0,157.690,6.040,0,158.090,6.130,5,158.470,6.640,0,158.920,6.850,0,160.140,6.900,0,160.890,7.240,5,161.330,7.310,0,161.480,6.710,0,162.180,6.710,5,162.330,7.310,0,162.870,7.250,28,164.450,6.410,0,173.750,6.440,28,183.490,6.420,0,193.680,6.480
4.600,200.000,7.607,7.466,4.969,4.955,102,7.220,6.670,7.790,6.750,0,20050906
0,-30.000,6.560,0,-27.840,6.570,0,-26.740,7.050,0,-25.760,7.000,28,-24.610,6.690,28,-9.160,6.650,0,-8.950,6.830,0,-8.210,6.980,0,-7.540,7.410,5,-7.140,7.480,0,-7.020,7.250,0,-6.850,7.250,5,-6.760,7.490,0,-3.860,7.520,5,-3.010,7.060,0,-2.610,6.430,0,-2.160,6.360,5,-1.470,7.190,0,-0.840,7.480,2,0.000,7.510,1,0.000,7.607,0,7.710,7.380,24,11.810,7.220,0,13.450,7.730,0,16.900,7.870,0,18.700,8.720,3,21.630,10.160,0,22.190,10.410,0,22.590,10.600,0,24.260,10.660,0,25.660,10.620,0,26.360,10.490,3,27.170,10.170,0,31.790,9.940,24,32.880,7.670,0,36.590,7.650,0,40.140,6.580,0,44.500,5.510,0,48.330,4.870,0,50.470,4.960,0,57.130,4.930,0,65.680,4.830,0,74.090,4.820,2,79.270,4.780,12,79.270,4.969,13,80.200,4.590,0,80.510,4.000,16,81.220,3.420,0,81.740,3.180,0,83.980,3.080,0,86.050,3.020,0,88.060,2.950,0,89.020,2.790,0,89.730,2.510,0,90.160,2.460,0,90.410,2.470,0,91.030,2.940,0,91.570,3.160,16,91.730,3.420,0,92.350,3.720,0,93.210,3.910,0,93.290,4.250,0,94.700,4.460,13,95.480,4.690,12,96.020,4.955,2,96.020,4.710,0,99.610,4.690,0,105.270,5.220,0,109.540,6.070,0,111.610,7.000,0,114.340,7.680,0,115.380,7.670,0,120.280,7.740,25,121.010,7.900,3,125.350,10.160,0,126.050,10.380,0,126.300,10.460,0,126.690,10.580,0,128.400,10.600,0,129.600,10.560,0,130.450,10.300,0,130.950,10.230,3,131.720,9.920,0,133.200,9.270,0,134.540,9.040,0,138.650,8.690,25,145.380,7.790,0,146.570,7.690,18,150.700,7.466,2,150.700,7.380,0,154.520,7.190,5,155.700,7.020,0,156.200,6.390,0,156.970,6.260,5,157.500,6.810,0,158.040,7.030,0,158.310,7.010,28,158.720,6.760,0,160.700,6.750,0,170.700,6.740,0,180.700,6.770,28,185.700,6.760
4.800,203.000,7.669,10.337,5.224,4.782,87,7.330,6.970,7.680,6.920,0,20050906
28,-30.000,6.950,0,-23.700,6.930,0,-14.770,7.020,28,-6.530,6.930,0,-6.000,7.290,0,-2.860,7.370,5,-2.190,7.160,0,-1.860,6.620,0,-1.420,6.680,5,-1.060,7.340,0,-0.670,7.500,2,0.000,7.530,1,0.000,7.669,0,1.030,7.680,0,8.450,7.400,24,10.130,7.330,0,11.770,7.790,0,14.880,7.860,3,19.340,10.040,0,20.000,10.230,0,20.540,10.540,0,22.590,10.640,0,24.190,10.600,0,24.750,10.410,3,25.470,10.050,0,27.090,8.960,0,29.080,7.990,24,29.960,7.740,0,36.640,7.790,0,43.190,7.570,0,49.060,6.410,0,55.480,5.400,0,57.890,5.270,0,64.150,4.870,0,71.940,4.780,2,78.260,5.040,12,78.260,5.224,13,79.190,5.020,0,79.730,4.750,0,79.730,4.210,16,81.150,3.470,0,82.790,3.330,0,85.430,3.200,0,88.690,3.050,0,89.920,2.960,0,90.900,3.010,0,91.770,3.240,0,92.380,3.210,16,92.530,3.470,13,93.100,4.320,0,94.420,4.500,12,95.710,4.782,2,95.710,4.620,0,101.860,4.800,0,107.300,5.100,0,109.520,5.460,0,117.630,7.500,0,118.490,7.550,25,123.140,7.560,0,127.570,9.650,3,128.190,9.970,0,128.570,10.150,18,129.100,10.337,2,129.100,10.270,0,129.610,10.450,0,129.860,10.540,0,131.120,10.560,0,132.630,10.570,0,133.310,10.360,0,133.520,10.220,3,134.350,10.010,0,136.320,9.100,0,138.550,7.950,0,142.120,7.900,25,142.650,7.680,0,144.890,7.740,0,148.520,7.750,5,153.340,7.480,0,154.630,6.270,0,155.230,6.230,5,155.760,6.950,0,156.020,6.970,28,156.340,6.790,0,165.410,6.970,0,174.740,6.890,0,184.080,6.950,28,189.820,6.980
5.000,202.000,7.194,7.213,5.553,4.951,95,7.170,7.080,7.730,6.430,0,20050906
28,-35.000,7.100,28,-29.060,7.050,23,-22.180,7.240,23,-12.890,7.190,0,-9.140,7.060,0,-2.540,7.100,5,-2.100,7.040,0,-1.650,6.610,0,-1.440,6.610,5,-0.830,7.080,2,0.000,7.090,1,0.000,7.194,24,2.890,7.170,0,4.870,7.840,0,8.000,7.970,3,12.710,10.130,0,13.260,10.240,0,13.970,10.570,0,15.780,10.650,0,17.370,10.640,0,17.900,10.490,3,18.670,10.060,0,21.490,8.400,24,22.390,8.050,0,27.930,8.110,0,35.450,6.280,0,36.470,6.200,0,40.650,6.180,0,46.990,5.970,0,53.330,5.510,13,54.050,5.410,2,54.050,5.410,12,54.050,5.553,0,55.010,5.000,0,56.000,4.460,0,56.000,3.850,16,56.650,3.535,0,57.540,3.250,0,57.820,2.930,0,59.710,2.930,0,60.970,2.990,0,63.420,3.020,0,64.850,3.040,0,65.520,3.280,16,65.600,3.535,0,65.760,3.640,0,66.530,3.850,13,67.370,4.300,0,69.520,4.440,0,70.600,4.750,12,72.240,4.951,2,72.240,4.710,0,75.760,4.760,0,82.880,4.940,0,88.340,4.960,0,94.470,5.330,0,99.900,5.690,0,105.750,5.800,0,107.100,5.660,0,110.760,5.860,0,114.100,6.130,0,119.970,6.620,0,123.500,6.780,0,127.590,7.110,0,131.850,7.400,25,133.950,7.360,3,139.000,10.130,0,139.540,10.260,0,139.850,10.408,0,140.110,10.490,0,140.390,10.580,0,142.010,10.630,0,143.170,10.620,0,143.850,10.370,0,144.270,10.210,3,144.900,10.120,25,149.900,7.730,0,153.140,7.720,0,156.100,7.420,0,160.050,7.310,18,163.270,7.213,2,163.270,7.080,0,164.530,7.070,0,165.120,6.910,5,166.860,6.850,0,167.440,5.980,0,168.780,5.900,5,169.330,7.220,0,172.910,7.250,28,173.770,6.590,0,177.970,6.590,0,183.150,6.380,0,193.270,6.360,0,198.270,6.390,28,208.660,6.440
5.200,197.000,6.920,10.351,5.649,5.753,113,7.010,6.840,7.260,6.410,0,20050906
0,-37.960,3.710,0,-32.640,3.750,0,-25.530,3.730,16,-24.130,3.530,0,-22.590,3.320,0,-21.040,3.270,8,-17.250,2.550,16,-17.250,3.530,0,-17.250,4.240,8,-16.820,4.240,0,-14.250,4.410,0,-13.940,4.490,28,-10.170,6.800,19,-3.130,6.870,28,-2.260,6.850,0,-1.780,6.670,5,-1.430,6.710,0,-1.430,6.130,0,-0.830,6.140,5,-0.830,6.710,2,0.000,6.770,1,0.000,6.920,24,9.390,7.010,0,11.330,7.740,0,14.860,7.900,0,18.230,9.630,3,19.750,10.400,0,20.440,10.710,0,22.110,10.770,0,23.760,10.770,0,24.000,10.710,3,24.810,10.340,10,26.900,9.180,0,30.130,7.590,0,33.510,7.440,10,37.790,5.740,24,37.790,5.740,0,40.180,5.890,0,43.370,5.900,0,51.540,6.030,0,59.660,5.840,0,66.750,5.720,2,67.490,5.470,12,67.490,5.649,0,69.040,4.930,0,70.230,4.580,0,71.490,4.380,16,72.130,3.610,10,72.360,3.420,0,72.810,3.420,10,72.810,3.040,0,74.010,2.990,0,74.910,2.860,0,76.420,2.800,0,77.880,3.120,0,79.420,3.020,0,81.180,3.040,0,82.100,3.350,16,82.750,3.610,0,83.260,3.830,0,83.670,4.370,0,86.620,4.320,0,87.020,4.440,0,90.290,4.510,0,91.360,5.080,0,92.180,5.450,12,92.710,5.753,2,92.710,5.540,0,99.380,6.060,0,104.530,6.220,0,106.470,6.040,0,109.290,6.410,0,115.190,6.600,0,116.950,6.560,0,122.680,6.810,0,124.950,7.040,0,127.970,7.600,0,132.990,8.440,0,134.130,8.540,25,139.600,8.410,3,142.080,9.950,0,142.360,10.110,18,142.600,10.351,2,142.600,10.220,0,142.900,10.260,0,143.430,10.440,0,143.680,10.530,0,145.120,10.560,0,146.580,10.540,0,147.200,10.320,0,147.410,10.210,3,148.150,10.070,0,152.830,7.880,0,156.100,7.730,25,157.640,7.260,0,163.440,7.310,0,169.070,7.140,5,169.600,7.050,0,169.820,6.910,0,170.230,6.890,5,170.520,7.130,0,172.090,7.180,0,172.550,7.370,5,173.170,7.380,0,173.270,7.080,0,173.570,7.080,5,173.670,7.380,0,174.060,7.410,0,178.600,7.340,28,179.640,6.580,0,187.680,6.340,0,197.810,6.420,28,202.600,6.400
5.400,200.000,7.303,7.192,5.213,5.825,101,7.450,6.650,7.150,6.650,0,20050906
28,-30.000,6.630,0,-19.140,6.650,28,-13.530,6.700,5,-4.280,6.620,0,-3.560,5.980,0,-2.910,5.940,5,-2.290,6.610,0,-0.430,7.160,2,0.000,7.260,1,0.000,7.303,0,8.050,7.420,24,10.210,7.450,0,11.840,7.930,0,15.200,8.030,0,18.040,9.300,3,19.980,10.070,0,20.630,10.190,0,21.570,10.550,0,23.210,10.640,0,24.990,10.610,0,25.520,10.400,0,25.820,10.320,3,26.680,10.110,0,31.880,7.580,24,32.400,7.490,0,37.210,7.490,0,38.940,7.350,0,46.300,6.380,0,49.550,6.030,0,54.550,5.520,0,63.970,5.230,0,72.640,5.190,0,74.390,4.820,0,77.810,4.920,0,79.800,5.100,2,87.260,5.020,12,87.260,5.213,10,87.420,4.980,13,90.060,4.980,16,92.970,3.880,0,93.610,3.540,0,95.310,3.510,10,96.500,3.460,16,96.560,3.880,0,96.810,4.440,0,98.920,4.640,0,101.450,4.470,0,104.800,4.640,0,105.900,4.410,0,106.980,3.920,16,106.980,3.880,10,107.060,3.600,0,109.710,3.520,0,111.930,3.500,16,113.330,3.880,10,118.230,5.720,13,118.230,5.720,0,119.170,5.740,12,119.140,5.825,2,119.140,5.830,10,125.480,5.730,0,131.470,8.000,25,134.920,8.140,10,137.270,9.670,0,139.170,10.070,3,139.700,10.250,8,140.220,10.290,0,140.220,10.660,8,140.540,10.660,0,140.680,10.648,0,140.950,10.660,0,142.510,10.660,0,144.030,10.620,0,144.320,10.570,0,144.710,10.410,3,145.420,10.270,0,146.770,9.780,0,148.590,9.140,0,151.200,8.110,0,153.760,8.000,0,155.370,7.360,25,157.980,7.150,0,161.400,7.040,18,171.130,7.192,2,171.130,7.040,5,172.090,6.920,0,172.400,6.570,0,173.120,6.540,5,173.560,6.900,19,174.480,6.890,0,184.760,6.930,19,195.230,6.920,0,196.840,6.890,5,197.280,6.670,0,197.930,5.890,0,198.340,5.880,5,198.790,6.360,0,199.280,6.890,0,199.680,6.920,28,199.920,6.430,28,202.990,6.870
5.600,209.000,7.441,7.555,5.942,5.313,106,7.660,6.720,7.820,7.060,0,20050906
28,-45.460,6.640,28,-35.240,6.800,0,-30.570,7.210,5,-28.210,7.260,0,-27.190,6.860,0,-25.800,6.860,5,-24.730,7.260,4,-21.800,7.350,0,-15.150,7.450,4,-7.770,7.430,0,-6.710,7.170,8,-5.390,7.150,0,-5.390,7.230,0,-4.450,7.230,8,-4.450,7.110,5,-4.020,7.030,0,-3.630,6.900,0,-2.290,6.800,5,-1.340,7.320,2,0.000,7.370,1,0.000,7.441,0,9.130,7.500,24,13.680,7.660,0,14.530,7.880,0,17.760,8.020,3,22.700,10.130,0,23.610,10.430,0,24.360,10.620,0,26.060,10.600,0,27.650,10.550,0,28.600,10.260,3,28.980,10.200,0,29.320,10.080,0,32.960,8.140,24,33.780,7.940,0,37.910,7.800,0,38.660,7.670,0,39.200,7.570,0,43.970,6.320,0,45.220,6.020,0,51.320,5.770,2,58.900,5.700,12,58.900,5.942,0,59.490,5.660,0,60.090,5.490,0,61.010,4.760,13,62.150,4.620,16,62.300,4.040,0,62.300,3.760,0,63.070,3.390,0,64.160,3.330,0,65.600,3.000,0,67.500,3.040,0,69.770,3.150,0,71.640,3.110,0,72.950,3.590,0,73.770,3.690,16,74.210,4.045,0,74.980,4.300,13,75.750,5.060,12,76.930,5.313,2,76.930,5.100,0,84.250,5.080,0,91.990,5.130,0,100.810,5.150,0,108.030,5.350,0,114.960,5.670,0,122.250,6.020,0,129.250,6.710,0,132.800,7.600,0,135.190,8.320,0,135.970,8.410,25,140.840,8.480,3,143.850,9.930,0,144.510,10.190,0,144.960,10.310,0,145.370,10.470,0,147.150,10.470,0,148.930,10.420,0,149.630,10.240,3,150.780,9.800,25,155.380,7.820,0,158.770,7.710,0,162.220,7.490,0,165.020,7.440,18,170.910,7.555,2,170.910,7.440,5,172.190,7.490,0,172.740,7.240,0,173.600,7.200,5,173.940,7.410,0,175.080,7.470,0,175.370,7.570,5,175.980,7.610,0,176.110,7.210,0,176.510,7.210,5,176.640,7.610,0,177.230,7.540,5,177.770,7.120,0,177.990,6.870,0,178.330,6.850,5,178.640,7.100,28,185.560,7.040,0,193.800,7.080,0,203.150,7.050,28,209.490,7.050
5.800,203.000,7.628,7.745,5.647,5.365,92,7.500,7.030,7.890,7.330,0,20050906
28,-30.000,7.010,0,-20.000,7.020,0,-10.000,7.040,28,-2.920,7.030,0,-2.660,7.210,0,-2.200,7.250,5,-1.910,7.170,0,-1.540,6.730,0,-1.040,6.890,5,-0.530,7.480,2,0.000,7.510,1,0.000,7.628,0,7.870,7.500,24,10.430,7.500,0,11.870,7.820,0,15.030,7.840,3,19.830,10.030,0,20.870,10.380,0,22.670,10.440,0,24.320,10.430,0,25.300,10.150,3,25.830,10.020,0,28.560,8.430,24,29.890,8.000,0,34.170,7.930,0,35.910,7.670,0,37.310,7.240,0,40.540,6.190,0,44.680,5.570,2,49.940,5.520,12,49.940,5.647,13,50.550,5.450,0,51.840,4.870,16,52.080,4.050,0,52.790,3.530,0,54.240,3.450,0,56.200,3.250,0,56.490,3.100,0,57.330,3.100,0,58.810,3.290,0,60.350,3.550,0,61.740,3.580,0,62.370,3.580,16,63.020,4.050,0,63.550,4.540,0,66.350,4.750,13,67.610,5.100,12,68.480,5.365,2,68.480,5.190,0,80.430,5.190,0,90.880,5.280,0,101.720,5.560,0,111.140,5.800,0,119.560,6.310,0,126.380,6.920,0,133.040,7.560,0,138.810,8.300,0,142.380,8.500,0,144.310,8.670,0,147.580,8.610,25,152.840,8.490,3,156.050,10.030,0,156.750,10.353,0,157.210,10.440,0,157.590,10.450,0,159.160,10.480,0,160.740,10.470,0,161.100,10.450,0,161.740,10.250,0,162.090,10.050,0,162.440,9.980,3,162.920,9.740,25,167.090,7.890,0,169.260,7.800,0,176.610,7.730,18,182.510,7.745,2,182.510,7.620,5,183.600,7.480,0,184.100,7.110,0,184.480,7.090,5,185.290,7.670,0,186.720,7.780,5,187.240,7.850,0,187.370,7.450,0,187.770,7.450,5,187.900,7.850,0,188.320,7.690,28,188.810,7.340,0,197.510,7.340,0,207.510,7.330,0,222.510,7.330,28,234.440,7.340
5.990,200.000,10.173,10.158,4.964,5.794,59,    ,    ,    ,    ,1,20050906
0,-44.350,9.080,0,-32.930,9.200,0,-28.320,8.980,0,-24.470,8.070,0,-19.300,8.150,0,-14.260,9.880,4,-5.870,10.140,0,-3.810,10.180,4,-2.070,10.220,2,0.000,10.170,1,0.000,10.173,0,8.120,10.220,0,8.860,10.000,10,10.630,9.240,10,16.160,6.750,0,24.480,6.650,0,31.260,6.010,0,39.160,5.540,0,43.090,5.680,0,48.210,5.690,0,50.260,5.050,2,59.690,4.750,12,59.690,4.964,13,62.460,4.620,16,62.870,4.090,0,63.030,3.790,0,65.540,3.810,0,68.390,3.750,0,71.040,3.630,0,72.590,3.590,0,74.660,3.610,0,75.640,3.930,16,75.850,4.090,0,76.680,4.580,0,77.310,4.700,13,79.020,5.420,12,79.950,5.794,2,79.950,5.540,0,89.710,5.910,0,93.390,5.160,0,101.800,5.330,0,104.090,5.910,0,107.760,6.040,0,114.080,7.090,0,116.460,7.760,0,117.470,7.920,0,123.050,8.130,10,130.680,8.070,10,133.260,9.190,0,135.810,10.320,0,136.010,10.350,0,139.750,10.260,18,144.460,10.158,2,144.460,10.160,4,145.500,10.180,4,149.370,10.130,0,159.760,10.200,0,169.610,10.260,0,175.960,10.310
ìÏí∑ã¥,5.490,2
6.000,8.000,10.314,7.956,4.897,5.806,99,7.850,7.000,7.880,7.200,0,20050906
0,-58.540,6.810,4,-57.470,6.890,0,-55.890,6.900,4,-53.950,6.920,5,-53.340,6.780,0,-52.830,6.320,0,-52.230,6.280,5,-51.080,7.100,0,-50.590,7.260,0,-49.810,7.290,28,-49.220,6.960,28,-44.060,7.030,0,-43.060,7.360,0,-33.300,7.670,24,-29.790,7.850,0,-28.170,8.260,3,-22.620,9.990,0,-21.180,10.100,0,-16.650,10.090,0,-11.300,10.210,0,-9.540,10.250,0,-7.760,10.240,2,0.000,10.240,1,0.000,10.314,3,0.640,9.820,10,2.110,9.150,10,7.040,6.670,24,7.040,6.670,0,13.160,6.680,0,15.490,6.670,0,20.370,6.010,0,25.920,5.810,0,31.650,5.740,0,37.410,5.340,0,43.310,4.990,0,46.750,4.730,2,48.090,4.700,12,48.090,4.897,0,48.740,4.690,0,49.810,4.580,13,51.050,4.600,16,51.320,4.080,0,51.500,3.790,0,52.460,3.540,0,53.270,3.710,0,54.690,3.770,0,57.270,3.750,0,59.470,3.600,0,61.890,3.680,0,62.360,3.740,16,62.570,4.080,0,62.940,4.490,0,64.040,4.800,13,65.220,5.380,12,66.370,5.806,2,66.370,5.510,0,72.620,5.780,0,79.460,5.920,0,83.640,5.980,0,90.830,6.090,0,93.410,6.420,0,96.260,6.940,0,99.170,7.810,0,101.360,8.120,0,106.520,8.240,0,110.090,8.240,25,111.970,8.150,10,111.970,8.150,10,113.920,9.110,0,115.930,10.130,3,116.180,10.200,0,116.470,10.244,0,118.320,10.180,0,121.460,10.170,0,128.360,10.200,0,133.030,10.000,3,133.630,9.910,0,135.530,9.440,0,139.250,8.400,18,140.880,7.956,2,140.880,7.880,25,140.880,7.880,0,141.740,7.860,5,143.430,7.570,0,144.060,7.270,0,144.550,7.210,5,145.040,7.710,0,146.690,7.700,0,147.380,8.050,5,147.900,8.060,0,148.080,7.560,0,148.540,7.560,5,148.720,8.060,0,149.400,7.980,0,150.360,7.220,0,150.530,7.220,28,159.110,7.210,0,169.070,7.210,28,179.100,7.190
6.200,195.000,10.314,10.480,5.570,5.465,92,7.910,7.020,8.020,7.480,0,20050909
28,-40.000,7.010,0,-35.000,7.020,28,-28.350,7.010,0,-28.070,7.290,0,-27.360,7.390,5,-26.970,7.290,0,-26.630,7.120,0,-26.210,7.140,5,-25.930,7.350,0,-24.030,7.370,0,-16.950,7.600,24,-10.600,7.910,0,-9.960,8.070,0,-5.630,10.120,3,-4.660,10.400,0,-3.940,10.600,0,-2.170,10.630,0,-0.700,10.560,2,0.000,10.210,1,0.000,10.314,3,0.550,9.960,0,1.870,9.080,0,5.330,7.540,24,6.100,7.340,0,13.880,7.350,0,19.730,6.950,0,29.880,6.650,0,39.690,6.360,0,48.050,6.220,0,49.200,6.160,0,54.360,5.520,0,62.500,5.400,0,70.250,5.300,2,76.930,5.330,12,76.930,5.570,0,78.290,5.170,0,78.920,4.800,0,80.780,4.820,13,82.670,4.650,16,82.830,4.100,0,82.830,3.620,0,83.170,3.550,0,84.120,3.260,0,85.880,3.230,0,87.190,3.200,0,88.360,3.060,0,88.890,3.000,0,89.390,2.770,0,90.060,2.950,0,90.870,3.070,0,91.840,3.470,0,92.930,3.660,16,93.130,4.104,0,93.920,4.690,13,94.880,5.100,12,95.980,5.465,2,95.980,5.320,0,96.630,5.470,0,99.440,6.860,0,100.700,6.890,0,102.640,7.360,0,103.840,7.440,25,107.540,7.310,3,114.030,10.160,18,114.540,10.480,2,114.540,10.400,0,114.940,10.440,0,115.250,10.580,0,116.690,10.580,0,118.640,10.560,0,119.000,10.450,3,119.950,10.090,25,124.230,8.020,0,129.560,7.870,0,134.510,7.890,0,139.980,7.940,5,140.690,7.490,0,141.120,7.190,0,141.340,7.240,5,141.870,7.790,0,142.460,8.030,0,143.570,8.070,0,143.860,8.210,5,144.320,8.230,0,144.490,7.730,0,144.950,7.730,5,145.120,8.230,0,145.480,8.200,28,146.310,7.510,0,157.160,7.470,0,168.140,7.470,28,173.820,7.460
6.400,200.000,10.316,10.487,5.179,5.643,95,7.830,7.120,7.840,7.220,0,20050909
28,-50.000,7.110,0,-40.000,7.120,28,-29.320,7.110,0,-29.020,7.290,0,-28.460,7.380,5,-27.980,7.220,0,-27.790,7.080,0,-27.400,7.090,5,-26.880,7.500,0,-26.020,7.810,0,-17.140,7.940,24,-10.430,7.830,0,-6.000,9.880,3,-5.560,10.110,0,-3.930,10.560,0,-2.210,10.550,0,-0.800,10.530,2,0.000,10.230,1,0.000,10.316,3,0.320,10.160,0,0.650,9.980,0,4.000,8.200,0,6.620,6.980,24,7.290,6.850,0,13.050,7.050,0,19.290,7.010,0,25.430,6.800,0,28.960,6.610,0,29.840,6.560,0,32.750,5.260,2,33.930,5.020,12,33.930,5.179,0,36.090,4.750,13,40.040,4.740,16,41.430,4.120,0,42.110,3.730,0,44.670,3.620,0,47.230,3.570,0,49.900,3.660,0,50.780,3.690,16,50.780,4.120,13,50.880,4.870,0,51.620,4.870,0,52.600,5.300,12,53.810,5.643,2,53.810,5.430,0,58.510,5.380,0,65.040,5.440,0,73.330,5.450,0,78.200,5.560,0,83.120,6.380,0,88.740,7.230,0,93.210,7.160,0,95.010,7.030,25,98.720,7.070,3,105.860,10.050,0,106.310,10.270,18,106.530,10.487,2,106.530,10.340,0,107.030,10.460,0,107.420,10.580,0,108.830,10.610,0,110.710,10.620,0,111.130,10.480,0,111.450,10.270,3,111.870,10.160,25,116.680,7.840,0,121.890,7.990,0,127.160,8.060,0,130.920,7.950,5,131.470,7.560,0,132.230,6.770,0,132.590,6.790,5,133.790,7.790,0,134.290,7.960,0,135.070,7.990,0,135.780,8.320,5,136.170,8.340,0,136.310,7.880,0,136.730,7.880,5,136.870,8.340,0,137.440,8.220,0,138.580,7.350,0,138.990,7.220,5,139.420,7.010,0,139.520,6.720,0,139.800,6.720,5,139.900,7.010,0,140.090,7.080,0,140.730,7.420,0,141.570,7.410,28,141.990,7.210,0,146.530,7.220,0,156.530,7.220,28,165.340,7.230
6.600,195.000,7.496,10.580,5.602,5.559,91,7.590,6.980,7.620,6.840,0,20050909
28,-30.000,7.000,0,-20.000,6.970,0,-10.000,6.990,28,-4.150,6.980,0,-3.680,7.090,5,-2.900,7.020,0,-2.240,6.670,0,-1.870,6.720,5,-0.890,7.350,2,0.000,7.350,1,0.000,7.496,24,8.850,7.590,0,9.880,7.860,0,13.050,7.930,3,17.070,9.870,0,17.700,10.110,0,19.010,10.560,0,20.260,10.560,0,22.120,10.520,0,22.870,10.300,3,23.500,10.050,0,29.280,7.230,24,30.550,6.890,0,33.970,6.890,0,34.700,7.030,0,37.540,7.160,0,43.140,7.020,0,48.920,6.840,0,54.380,6.470,0,59.080,5.640,0,61.300,5.400,0,69.220,5.390,2,75.310,5.320,12,75.310,5.602,13,76.200,5.310,0,76.890,5.040,0,77.810,4.770,16,78.370,4.150,0,78.370,3.980,0,79.310,3.710,0,81.890,3.680,0,83.630,3.700,0,86.190,3.690,0,88.150,3.820,0,88.460,4.070,16,88.680,4.150,0,90.110,4.260,0,90.390,4.700,0,92.310,4.870,13,93.400,5.360,12,94.090,5.559,2,94.090,5.400,0,97.190,5.680,0,102.090,6.390,0,104.070,6.660,0,106.720,6.840,0,111.110,6.810,25,116.480,6.850,3,124.190,10.360,18,124.440,10.580,2,124.440,10.470,0,124.820,10.590,0,125.220,10.660,0,126.640,10.640,0,128.690,10.560,3,129.170,10.370,0,133.880,7.970,0,137.490,7.800,25,138.080,7.620,0,143.550,7.510,0,148.530,7.420,5,148.860,7.290,0,149.310,6.940,0,149.650,6.980,5,150.220,7.360,0,151.320,7.530,0,152.940,8.400,5,153.360,8.440,0,153.520,7.940,0,154.000,7.940,5,154.160,8.440,0,154.680,8.360,4,155.250,7.960,0,156.970,8.010,4,158.400,7.920,0,158.990,7.790,0,159.630,7.460,28,160.180,6.910,0,168.790,6.830,0,176.810,6.810,28,184.440,6.820
6.800,200.000,7.522,10.412,5.601,6.434,89,7.430,7.160,7.890,7.040,0,20050909
28,-35.000,7.160,0,-30.000,7.190,0,-22.990,7.180,0,-13.520,7.170,28,-4.390,7.050,0,-3.960,7.470,0,-3.500,7.440,5,-2.570,7.170,0,-2.110,6.470,0,-1.750,6.460,5,-1.060,7.350,2,0.000,7.400,1,0.000,7.522,24,0.390,7.430,0,1.960,8.000,0,8.670,8.130,0,14.970,8.250,3,19.200,10.190,0,19.630,10.310,0,20.030,10.510,0,20.750,10.710,0,22.290,10.730,0,23.730,10.690,0,24.380,10.420,0,24.740,10.260,3,25.160,10.130,24,31.710,7.170,0,36.150,7.410,0,39.230,7.450,0,48.300,7.170,0,57.210,6.860,13,65.730,6.440,0,69.110,5.810,2,73.800,5.480,12,73.800,5.601,0,74.970,5.250,0,77.020,4.520,16,77.740,4.190,0,78.210,3.840,0,79.210,3.840,0,80.880,3.980,0,83.140,4.130,0,84.300,4.120,0,86.110,4.110,0,88.600,3.970,0,89.930,3.830,0,90.630,3.780,0,91.260,3.930,16,91.750,4.190,0,92.590,4.770,0,93.010,5.120,13,95.050,6.200,12,96.440,6.434,2,96.440,6.250,0,100.280,6.260,0,104.210,6.700,0,110.540,7.290,0,115.190,7.550,0,120.230,7.810,25,126.140,7.820,3,131.530,9.980,0,132.090,10.180,18,132.490,10.412,2,132.490,10.300,0,132.740,10.430,0,133.110,10.550,0,134.750,10.550,0,136.540,10.540,0,136.890,10.400,3,137.250,10.330,25,142.390,7.890,0,144.020,7.890,0,144.870,8.000,0,149.240,8.080,0,151.240,8.090,5,152.650,7.870,0,154.240,6.720,0,154.570,6.720,5,155.720,7.900,0,159.200,7.830,0,159.900,7.630,0,160.440,7.050,0,166.100,7.080,0,166.470,7.330,0,167.030,7.330,28,167.550,7.050,0,177.490,7.040,0,187.490,7.030,28,192.490,7.040
7.000,195.000,7.943,8.224,5.755,5.833,91,7.640,7.510,8.180,7.370,0,20050909
28,-35.000,7.520,0,-30.000,7.500,0,-20.000,7.520,28,-16.400,7.510,0,-15.820,8.180,0,-15.460,8.390,5,-14.860,8.530,0,-14.700,8.140,0,-14.370,8.140,5,-14.210,8.530,5,-13.810,8.370,0,-12.570,7.410,0,-12.350,7.420,5,-12.220,7.510,0,-6.650,7.580,24,-1.530,7.640,0,-0.510,7.840,2,0.000,7.880,1,0.000,7.943,0,3.030,8.090,3,7.830,10.230,0,8.500,10.380,0,9.140,10.730,0,10.800,10.730,0,12.140,10.700,0,13.160,10.320,0,13.350,10.270,3,13.960,10.060,24,20.820,6.920,0,26.260,6.960,0,35.080,6.710,0,38.000,6.700,0,39.220,6.390,0,40.530,5.090,0,43.030,4.780,0,45.110,4.860,0,48.010,5.000,0,50.020,5.680,0,56.130,5.410,2,61.590,5.530,12,61.590,5.755,0,62.460,5.470,0,63.600,5.010,13,67.490,4.800,16,68.330,4.280,0,68.440,3.980,0,69.930,3.990,0,72.490,3.850,0,74.500,3.780,0,75.390,3.830,0,76.750,4.060,0,77.160,4.140,16,77.160,4.280,13,77.480,5.020,0,79.210,5.040,0,80.060,5.520,12,81.360,5.833,2,81.360,5.570,0,87.520,5.610,0,93.830,5.780,0,96.210,5.040,0,97.140,6.680,0,103.710,7.120,0,107.810,7.170,0,115.760,7.220,0,120.160,7.500,25,123.440,7.340,3,129.730,10.070,0,130.120,10.220,0,130.530,10.460,0,130.880,10.612,0,131.250,10.670,0,133.210,10.710,0,134.950,10.700,0,135.510,10.540,3,136.050,10.270,25,140.700,8.180,0,144.760,8.170,18,149.580,8.224,2,149.580,8.150,0,150.480,8.130,5,151.300,7.950,0,151.930,7.390,0,152.400,7.280,5,153.300,7.940,0,156.650,7.830,28,157.180,7.350,0,159.580,7.360,0,169.580,7.370,0,179.580,7.380,28,189.580,7.360
7.200,200.000,7.788,10.521,5.792,5.832,81,7.910,7.520,7.960,7.340,0,20050909
28,-40.000,7.520,0,-30.000,7.510,28,-22.190,7.520,0,-21.890,7.700,0,-17.020,7.790,0,-7.630,7.760,0,-1.580,7.550,0,-1.440,7.710,2,0.000,7.640,1,0.000,7.788,0,1.540,7.700,0,1.930,7.810,24,5.170,7.910,3,9.860,10.230,0,10.440,10.330,0,11.110,10.700,0,12.640,10.730,0,14.330,10.680,0,14.910,10.430,0,15.300,10.150,3,15.740,10.000,24,21.550,7.420,0,28.210,7.250,0,33.990,7.240,0,39.260,7.210,0,40.470,6.930,0,41.240,6.580,0,43.290,5.520,0,49.450,5.630,0,50.790,5.090,0,55.650,4.830,0,58.490,5.500,2,59.340,5.560,12,59.340,5.792,13,61.700,5.220,0,62.000,4.390,16,62.640,4.190,0,64.300,4.100,0,65.970,4.150,0,67.680,4.140,0,69.820,4.150,16,70.940,4.190,0,71.360,4.360,13,73.020,4.950,0,75.990,5.090,0,76.870,5.580,12,77.487,5.832,2,77.487,5.650,0,79.700,5.740,0,84.040,5.780,0,89.930,6.210,0,90.750,6.160,0,93.620,7.120,0,96.950,7.650,0,100.970,7.800,0,105.070,7.820,0,110.310,7.760,25,111.300,7.930,3,116.090,10.180,18,116.560,10.521,2,116.560,10.430,0,116.880,10.560,0,118.760,10.600,0,120.710,10.570,3,121.250,10.380,0,121.430,10.250,0,122.010,10.000,25,126.150,7.960,0,129.480,7.860,0,130.540,7.750,0,132.140,7.590,5,132.630,7.420,0,132.890,7.250,0,133.200,7.270,5,133.790,7.750,0,137.900,7.710,28,138.270,7.350,0,146.560,7.350,0,156.560,7.340,0,166.560,7.320,28,176.560,7.360
7.400,202.000,8.138,8.361,5.914,5.678,85,8.020,7.920,8.420,7.600,0,20050909
28,-43.190,7.830,0,-32.440,7.910,0,-22.150,7.970,28,-11.860,7.920,0,-10.900,7.800,0,-3.300,7.870,0,-2.920,8.100,5,-2.180,8.010,0,-1.560,7.610,0,-1.260,7.670,5,-0.880,7.990,2,0.000,8.070,1,0.000,8.138,24,5.970,8.020,3,10.730,10.220,0,11.930,10.730,0,13.730,10.790,0,15.550,10.730,0,16.010,10.430,3,16.700,10.110,24,20.500,8.210,0,26.970,8.370,0,32.650,8.390,0,37.330,8.200,0,42.900,7.760,0,47.030,6.820,0,53.980,5.690,0,56.480,5.630,0,62.570,5.660,2,68.970,5.720,12,68.970,5.914,0,69.350,5.560,0,69.960,5.280,13,74.110,5.160,0,74.270,4.550,16,75.550,4.310,0,76.790,4.170,0,78.340,4.160,0,80.980,4.110,0,83.250,4.070,0,84.330,3.980,0,85.250,4.080,16,85.250,4.310,13,85.720,5.100,0,87.620,5.070,0,88.420,5.350,12,90.480,5.678,2,90.480,5.460,0,90.880,5.510,0,93.760,6.900,0,95.160,7.070,0,100.570,7.330,0,102.690,7.380,0,106.820,7.710,0,108.220,7.470,0,110.540,7.480,25,111.820,7.790,3,116.810,10.220,0,117.410,10.500,0,117.910,10.664,0,119.790,10.650,0,121.560,10.650,0,122.090,10.530,0,122.420,10.290,3,122.690,10.190,25,126.350,8.420,0,128.990,8.330,18,131.830,8.361,2,131.830,8.240,5,132.770,8.140,0,133.440,7.490,0,133.770,7.500,5,134.440,8.070,0,135.190,8.160,0,136.320,8.830,5,136.730,8.890,0,136.900,8.410,0,137.360,8.410,5,137.530,8.890,0,138.040,8.860,28,139.780,7.600,0,148.850,7.610,0,159.280,7.600,0,168.300,7.560,28,174.070,7.620
7.600,197.000,10.385,10.572,5.556,5.822,85,8.270,7.800,8.480,7.920,0,20050909
28,-61.500,7.610,0,-51.680,7.750,0,-41.940,7.780,0,-31.150,7.840,28,-20.710,8.050,0,-20.040,8.220,5,-19.240,8.190,0,-18.240,7.560,0,-17.860,7.570,5,-17.160,8.210,0,-15.540,8.250,24,-9.560,8.270,3,-5.380,10.200,0,-4.950,10.350,0,-4.150,10.720,0,-2.330,10.780,0,-0.700,10.730,2,0.000,10.300,1,0.000,10.385,3,0.300,10.210,0,2.420,9.070,0,3.540,8.710,24,10.050,7.990,0,12.840,7.840,0,15.550,6.630,2,17.870,5.420,12,17.870,5.556,0,19.040,5.300,13,20.890,5.210,0,21.170,4.610,16,21.990,4.330,0,23.050,3.880,0,24.810,3.980,0,26.660,3.950,0,27.970,4.040,0,28.970,4.120,16,29.080,4.330,13,29.390,4.950,0,32.270,5.080,0,34.630,5.140,0,35.620,5.580,12,36.350,5.822,2,36.350,5.570,0,41.770,5.390,0,50.260,5.970,0,58.730,5.810,0,61.440,6.090,0,64.110,6.880,0,65.970,7.120,0,74.230,7.380,0,83.020,7.650,0,90.710,7.880,25,97.370,8.020,0,98.720,8.320,0,102.180,10.050,3,102.700,10.280,18,103.130,10.572,2,103.130,10.470,0,103.610,10.580,0,105.200,10.580,0,107.530,10.540,3,108.110,10.210,0,108.610,10.040,25,112.040,8.480,0,116.050,8.430,5,118.300,8.350,0,119.010,7.750,0,119.330,7.720,5,120.110,8.290,0,121.060,8.320,0,121.760,8.710,5,122.330,8.830,0,122.500,8.340,0,122.960,8.340,5,123.130,8.830,0,123.850,8.700,0,124.610,7.990,5,124.870,7.910,0,125.150,7.340,0,125.520,7.330,5,125.760,7.890,28,134.410,7.930,0,143.880,7.920,0,153.550,7.930,28,162.390,7.860
7.800,202.000,10.608,10.594,6.308,5.912,82,8.170,8.000,8.920,8.010,0,20050909
28,-53.380,7.810,0,-47.620,7.900,0,-37.680,8.150,28,-27.280,7.950,5,-17.800,7.930,0,-17.300,7.530,0,-16.860,7.460,5,-16.360,7.890,0,-15.780,7.960,24,-9.580,8.170,3,-5.190,10.110,0,-4.500,10.480,0,-4.010,10.710,0,-2.190,10.800,0,-0.370,10.700,2,0.000,10.510,1,0.000,10.608,3,0.660,10.090,24,4.700,8.210,0,9.780,8.000,0,18.800,7.840,0,28.310,7.580,0,34.490,7.400,0,38.120,6.320,0,42.190,5.800,0,47.410,5.890,2,51.780,6.120,12,51.780,6.308,13,52.420,6.040,0,53.480,5.390,0,54.080,5.330,0,54.320,4.570,16,54.570,4.440,0,55.540,4.220,0,57.740,4.250,0,60.250,4.290,0,62.570,4.350,16,64.090,4.440,0,64.980,4.560,0,65.960,5.050,0,68.970,5.300,13,69.440,5.630,12,70.170,5.912,2,70.170,5.690,0,75.250,5.710,0,77.320,5.930,0,80.650,5.840,0,87.150,6.020,0,89.060,7.090,0,90.170,7.890,0,95.390,8.430,0,96.640,8.410,0,101.790,8.510,25,106.060,8.430,0,109.280,10.090,3,109.930,10.350,18,110.280,10.594,2,110.280,10.490,0,110.620,10.640,0,112.580,10.670,0,114.500,10.660,3,114.740,10.570,0,115.310,10.320,0,116.030,9.980,25,118.390,8.920,0,122.000,8.880,0,123.890,8.770,0,125.220,8.740,5,125.750,8.510,0,126.480,7.700,0,126.830,7.720,5,127.730,8.560,5,129.810,8.680,0,129.960,8.240,0,130.360,8.240,5,130.510,8.680,0,131.040,8.620,28,131.750,8.040,0,140.860,8.040,0,150.530,8.030,0,160.160,7.960,28,166.060,7.950
8.000,199.000,10.478,8.163,6.438,5.996,101,8.780,8.110,8.070,8.040,0,20050909
28,-55.270,8.180,0,-44.510,8.280,28,-20.270,7.820,0,-19.930,7.940,5,-18.920,7.930,0,-18.030,7.450,0,-17.440,7.480,5,-15.890,8.560,0,-14.230,8.750,24,-8.560,8.780,3,-5.220,10.300,0,-3.800,10.730,0,-2.130,10.760,0,-0.580,10.760,2,0.000,10.390,1,0.000,10.478,3,0.660,10.290,24,1.900,9.650,0,5.420,9.370,0,8.330,9.000,0,12.110,7.780,0,14.720,7.660,2,17.620,6.290,12,17.620,6.438,0,19.780,5.430,13,22.160,5.380,16,22.380,4.490,0,23.220,4.240,0,24.180,3.930,0,25.500,3.850,0,26.650,3.900,0,28.220,3.880,0,29.550,3.940,16,30.500,4.490,13,31.920,5.330,0,34.170,5.380,0,35.210,5.800,12,36.250,5.996,2,36.250,5.780,0,41.490,5.690,0,45.760,5.840,0,52.600,5.740,0,57.870,5.660,0,63.770,5.760,0,66.290,6.830,0,67.060,7.130,0,68.680,7.430,0,74.640,7.630,0,82.740,7.980,0,88.590,8.090,0,97.750,8.460,25,103.510,8.400,0,106.800,10.010,3,107.420,10.320,0,108.040,10.550,0,108.300,10.587,0,110.130,10.590,0,111.780,10.590,0,112.090,10.480,3,112.770,10.090,0,113.070,9.780,0,113.880,9.460,0,116.710,8.450,0,117.130,8.140,25,117.720,8.070,18,121.750,8.163,2,121.750,8.090,0,122.270,8.070,5,122.790,7.920,0,123.440,7.470,0,123.700,7.460,5,124.210,7.830,0,124.600,8.040,0,126.130,8.200,28,126.540,7.900,0,135.570,8.070,0,144.770,8.060,28,150.640,8.140,0,150.940,8.410,0,151.290,8.370,0,152.420,8.230,5,153.440,8.190,0,154.120,7.610,0,154.390,7.590,5,155.020,8.070,4,156.820,8.070,0,158.480,8.110,4,160.300,7.990,0,161.830,7.440,5,162.540,7.370,0,162.920,6.920,0,163.410,6.810,5,163.830,7.290,0,165.260,8.170,0,165.550,8.160,0,166.490,7.560,5,166.790,7.490,0,167.100,7.050,0,167.400,7.060,5,167.800,7.510,0,173.460,7.540
8.200,203.000,10.373,10.633,6.222,7.279,96,8.370,8.110,8.120,7.480,0,20050909
28,-54.630,7.850,0,-48.800,8.040,0,-38.860,8.190,28,-28.990,8.220,5,-18.540,8.200,0,-18.080,7.910,0,-17.840,7.880,5,-17.190,8.310,0,-15.780,8.360,0,-13.940,8.410,24,-9.380,8.370,3,-5.310,10.220,0,-4.620,10.520,0,-2.560,10.550,0,-1.120,10.530,0,-0.500,10.330,2,0.000,10.230,1,0.000,10.373,3,0.230,10.170,0,0.850,9.870,24,4.160,8.390,0,9.990,8.470,0,16.190,8.210,0,19.110,8.150,0,23.420,7.640,0,29.740,5.950,0,32.600,5.740,0,39.680,5.770,0,46.770,5.770,2,52.050,6.020,12,52.050,6.222,13,52.600,5.990,0,53.740,5.510,0,55.400,5.640,0,57.180,5.550,0,59.220,4.700,16,61.050,4.540,0,62.210,4.460,0,64.640,4.420,0,65.950,4.350,0,67.040,4.240,0,67.970,4.230,16,68.600,4.540,0,69.230,5.540,0,72.090,6.420,0,73.890,6.590,13,74.820,7.040,12,75.190,7.279,2,75.190,7.010,0,78.210,7.200,0,81.360,7.800,0,87.300,7.750,0,88.460,7.790,0,95.420,8.420,0,99.610,8.510,25,101.080,8.780,0,103.510,9.880,3,104.290,10.290,0,104.710,10.430,18,104.810,10.633,2,104.810,10.570,0,105.140,10.710,0,106.920,10.710,0,108.800,10.700,0,109.010,10.600,0,109.250,10.460,3,109.860,10.250,0,112.340,8.990,25,114.250,8.120,0,117.330,8.070,5,120.400,8.000,0,121.520,7.480,0,121.910,7.490,5,122.690,8.020,0,133.080,8.040,0,140.200,7.980,4,140.650,8.140,0,142.190,8.220,4,144.210,8.120,5,145.270,7.860,0,145.990,7.040,0,146.800,6.890,5,147.250,7.390,0,147.850,8.030,0,148.350,8.040,0,148.710,7.800,0,149.150,7.870,0,149.600,8.080,5,150.090,8.160,0,150.230,7.760,0,150.490,7.760,5,150.630,8.160,0,151.120,7.990,28,151.620,7.470,0,154.810,7.480,28,164.810,7.470
8.400,198.000,10.488,8.803,6.251,6.479,81,8.880,8.350,8.790,8.080,0,20050909
28,-58.450,8.160,0,-48.720,8.260,0,-39.210,8.420,28,-28.840,8.570,5,-18.210,8.810,0,-17.610,8.430,0,-17.290,8.470,5,-16.740,8.750,0,-15.600,8.820,24,-8.340,8.880,3,-5.170,10.330,0,-4.220,10.670,0,-2.510,10.700,0,-0.620,10.690,2,0.000,10.360,1,0.000,10.488,3,0.420,10.220,24,4.130,8.550,0,9.680,8.650,0,15.560,8.320,0,19.060,8.010,0,25.120,6.320,0,27.590,6.220,0,34.450,6.120,0,40.410,6.150,2,44.460,6.090,12,44.460,6.251,0,45.510,5.920,0,46.000,5.450,13,47.830,5.320,16,49.220,4.600,0,50.600,4.230,0,52.730,4.230,0,54.830,4.230,0,56.710,4.290,16,57.880,4.600,13,58.850,5.100,0,60.920,5.510,0,64.120,5.750,0,65.100,6.140,12,65.970,6.479,2,65.970,6.240,0,68.340,6.260,0,69.180,6.480,0,69.930,6.580,0,73.470,7.930,0,75.600,8.340,0,77.380,8.450,0,84.600,8.550,25,89.710,8.610,0,93.110,10.400,0,93.570,10.500,3,93.820,10.660,0,94.140,10.800,0,95.920,10.730,0,97.530,10.690,0,98.090,10.570,3,99.060,10.100,25,101.760,8.790,0,104.130,8.680,18,107.650,8.803,2,107.650,8.690,5,108.700,8.680,0,109.930,7.680,0,110.230,7.710,5,111.550,8.650,0,115.400,8.680,28,115.930,8.110,0,127.650,8.080,0,137.650,8.100,28,150.420,8.020,0,150.450,8.250,5,150.910,8.190,0,151.390,7.830,0,151.840,7.820,5,152.090,8.010,0,152.760,8.260,4,154.000,8.460,0,156.060,8.590,4,157.930,8.520,0,158.860,8.520
8.504,107.000,12.330,12.428,6.195,6.201,67,    ,    ,    ,    ,1,20050909
4,-36.330,11.780,0,-27.590,11.960,22,-25.610,11.990,0,-23.080,12.040,22,-16.530,12.130,22,-14.830,12.140,22,-7.030,12.260,0,-2.030,12.300,4,0.000,12.330,2,0.000,12.330,1,0.000,12.330,0,1.320,12.150,0,1.320,12.550,0,6.400,12.610,0,6.400,10.670,0,7.400,10.680,0,7.400,9.390,0,16.750,9.240,0,21.110,8.840,0,21.980,8.650,0,23.950,7.930,0,28.340,7.270,0,35.740,5.900,13,40.860,6.010,2,40.860,6.010,12,40.860,6.195,0,41.430,5.790,10,42.150,5.070,16,42.790,4.710,10,43.100,4.570,0,44.280,4.620,0,46.210,4.670,0,47.460,4.660,0,49.440,4.670,0,51.430,4.630,16,52.220,4.710,0,53.950,4.790,10,55.070,4.880,10,56.180,5.430,13,56.300,5.770,12,57.370,6.201,2,57.370,6.030,0,61.140,6.290,0,64.860,6.350,0,70.870,6.550,0,74.130,7.250,0,75.080,7.290,0,78.230,8.870,0,79.260,8.960,0,83.440,9.140,0,86.540,8.930,0,89.930,9.070,0,91.150,9.290,0,91.150,10.720,0,92.150,10.720,0,92.150,12.670,0,97.280,12.640,0,97.280,12.250,18,97.930,12.428,2,97.930,12.430,4,98.200,12.430,0,100.750,12.420,22,104.980,12.370,22,113.810,12.290,4,117.690,12.250,0,124.280,12.220,0,131.040,12.150
ç‰ã¥,2.000,2
8.600,94.000,10.332,8.784,5.651,6.401,82,9.440,7.960,8.640,8.040,0,20050910
28,-50.990,7.920,28,-48.410,7.990,0,-48.070,8.010,0,-47.900,8.010,0,-47.330,8.310,0,-46.440,8.440,0,-45.960,8.830,5,-45.420,8.830,0,-45.170,8.030,0,-44.470,8.020,5,-44.130,8.830,5,-43.600,8.820,0,-42.440,7.660,0,-42.120,7.630,5,-41.100,8.720,0,-35.760,8.870,0,-14.960,9.360,24,-10.520,9.440,0,-9.940,9.580,3,-7.060,10.630,4,-7.060,10.630,0,-3.740,10.720,4,-0.510,10.570,3,-0.510,10.570,2,0.000,10.260,1,0.000,10.332,0,0.450,10.170,0,3.080,9.200,24,4.460,8.970,0,12.420,8.790,0,14.980,8.370,0,20.020,7.890,0,22.980,7.680,0,24.830,7.430,0,28.420,6.730,0,36.830,6.400,0,43.390,6.230,0,50.210,5.970,0,52.130,5.600,2,54.430,5.510,12,54.430,5.651,13,55.380,5.370,16,55.480,4.710,0,55.480,4.590,0,56.430,4.410,0,58.830,4.360,0,61.220,4.500,0,63.560,4.480,0,65.040,4.570,16,65.730,4.710,0,66.050,4.850,0,68.030,5.160,13,68.540,5.770,12,69.470,6.401,2,69.470,6.110,0,71.340,6.870,0,76.660,7.240,0,81.320,7.540,0,86.710,7.880,0,92.290,8.210,25,97.270,8.230,0,100.830,9.930,3,101.520,10.270,0,102.120,10.350,0,102.270,10.480,0,102.720,10.670,0,104.380,10.680,0,105.990,10.660,0,106.590,10.350,3,107.010,10.280,25,110.710,8.640,0,114.870,8.570,18,120.150,8.784,2,120.150,8.630,0,123.260,8.700,0,128.370,8.770,0,128.770,8.850,0,129.120,8.840,0,129.490,8.700,0,136.550,8.650,28,137.170,8.080,28,147.920,8.000
8.800,203.000,9.631,11.727,7.526,6.404,64,    ,8.840,8.570,8.220,0,20050910
28,-34.610,8.720,0,-28.240,8.840,0,-18.860,8.840,0,-10.970,8.860,28,-1.550,8.910,0,-1.140,9.340,2,0.000,9.430,1,0.000,9.631,0,0.910,9.280,2,2.830,7.270,12,2.830,7.526,0,3.330,6.800,0,4.080,5.660,0,5.930,5.530,0,7.320,5.350,0,7.780,5.710,13,8.970,5.510,16,9.370,4.730,0,9.370,4.530,0,10.960,4.320,0,12.980,4.430,0,15.910,4.560,0,17.680,4.620,16,18.300,4.730,0,18.780,4.900,13,19.160,5.490,0,22.730,5.490,0,26.040,5.450,0,27.220,6.000,12,27.770,6.404,2,27.770,6.110,0,34.590,6.330,0,39.970,6.400,0,41.140,7.010,0,41.830,7.220,0,42.490,7.380,0,48.370,7.670,0,52.090,8.230,0,53.390,9.100,0,54.460,9.970,0,54.960,10.040,0,60.510,9.950,0,66.300,9.850,0,68.780,9.370,0,73.000,8.890,0,76.840,8.790,25,83.830,8.800,0,85.860,9.510,0,87.720,10.380,3,89.610,11.490,18,90.520,11.727,2,90.520,11.570,0,91.380,11.550,3,92.390,11.310,0,94.910,9.570,25,95.880,8.570,5,98.750,8.350,0,99.650,7.880,0,100.030,7.870,5,100.720,8.310,0,101.280,8.430,28,101.440,8.200,0,108.950,8.230,28,118.860,8.220
9.000,198.000,10.198,11.808,6.464,6.197,63,    ,8.840,8.910,8.490,0,20050910
28,-40.800,8.900,0,-31.020,8.850,0,-21.710,8.790,0,-12.670,8.850,28,-3.390,8.870,0,-0.740,9.870,2,0.000,10.050,1,0.000,10.198,0,1.220,10.240,0,2.870,10.370,0,5.610,10.260,0,9.370,9.010,0,13.010,8.030,0,14.350,7.410,0,17.710,7.030,0,22.750,6.860,0,27.990,6.580,0,34.550,6.330,2,42.900,6.310,12,42.900,6.464,0,44.410,5.760,13,45.400,5.690,16,46.210,4.740,0,46.210,4.470,0,46.910,4.300,0,48.300,4.150,0,50.390,4.240,0,52.290,4.160,0,54.440,4.420,0,54.890,4.670,16,54.890,4.740,0,54.890,4.830,13,57.190,5.510,0,61.880,5.620,12,62.350,6.197,2,62.350,5.900,0,64.430,6.470,0,67.330,8.920,0,69.150,10.040,0,70.380,10.600,0,71.190,10.690,0,77.000,10.620,0,80.280,10.140,0,84.140,9.580,0,88.440,9.220,0,95.380,9.050,0,96.700,8.820,0,99.590,8.830,25,105.220,8.820,0,107.490,10.050,3,109.560,11.420,0,110.190,11.640,18,110.900,11.808,2,110.900,11.670,0,112.160,11.560,3,112.830,11.360,0,115.870,9.310,25,117.180,8.910,0,119.420,8.840,28,119.780,8.490,0,129.750,8.490,0,139.970,8.500,28,145.520,8.470
9.200,202.000,9.837,12.152,6.521,6.267,68,    ,9.480,9.270,8.640,0,20050910
28,-50.000,9.320,0,-40.000,9.350,0,-30.000,9.440,0,-20.000,9.530,0,-10.000,9.640,28,-0.850,9.580,0,-0.670,9.710,2,0.000,9.700,1,0.000,9.837,0,0.280,9.670,0,1.190,9.290,0,3.390,8.040,0,4.840,7.850,0,6.580,6.640,0,9.340,6.630,0,15.110,6.680,0,20.520,6.670,0,27.530,6.510,0,29.860,6.170,0,33.030,6.330,2,34.560,6.350,12,34.560,6.521,13,35.070,6.230,0,35.330,5.500,16,36.330,4.750,0,37.110,4.480,0,39.230,4.450,0,40.170,4.610,0,42.120,4.590,0,42.570,4.540,0,43.730,4.530,0,45.020,4.640,0,46.210,4.670,16,46.210,4.750,0,46.210,4.860,0,47.170,5.100,0,49.380,5.320,0,50.650,5.970,12,50.930,6.267,2,50.930,6.080,13,51.590,6.270,0,52.980,6.340,0,54.760,7.220,0,57.010,9.310,0,57.940,9.900,0,59.140,10.330,0,60.010,10.520,0,64.710,10.530,0,70.950,10.080,0,75.060,9.520,0,79.060,9.350,0,83.960,9.330,25,91.310,9.350,0,94.560,11.180,3,96.460,12.060,18,97.610,12.152,2,97.610,12.020,3,98.860,11.950,0,100.490,10.980,0,101.760,10.930,0,103.790,9.890,25,104.440,9.270,0,108.290,9.130,0,109.350,8.830,28,109.750,8.640,0,119.210,8.650,0,128.510,8.630,28,134.050,8.650
9.400,202.000,9.928,12.373,6.647,6.422,71,    ,9.580,9.270,8.920,0,20050910
0,-57.330,10.140,28,-56.670,9.630,0,-54.180,9.550,0,-43.960,9.570,0,-33.980,9.590,0,-23.910,9.580,0,-14.140,9.560,28,-3.940,9.610,0,-3.350,9.930,0,-1.730,9.960,2,0.000,9.850,1,0.000,9.928,0,1.560,9.490,0,2.220,8.890,0,2.740,8.900,0,3.320,9.210,0,3.980,9.200,0,6.160,8.120,0,8.220,6.630,2,9.100,6.490,12,9.100,6.647,13,9.660,6.380,0,10.630,5.070,16,11.310,4.760,0,12.810,4.380,0,14.450,4.380,0,16.120,4.370,0,17.190,4.390,0,18.820,4.640,16,18.860,4.760,0,18.950,4.890,0,20.550,5.320,0,21.760,5.650,0,24.890,5.770,12,26.590,6.422,2,26.590,6.240,13,26.590,6.240,0,28.650,6.250,0,34.260,6.180,0,39.070,7.200,0,41.890,7.480,0,48.630,7.450,0,51.500,7.600,0,53.040,9.200,0,53.740,9.830,0,54.530,9.940,0,57.730,9.960,0,63.390,10.070,0,68.520,10.200,0,73.750,10.120,0,79.630,10.080,0,85.600,9.810,0,88.500,9.690,0,96.010,8.890,0,102.440,8.810,25,107.170,9.010,0,108.560,9.450,3,112.590,11.820,0,113.730,12.180,18,114.670,12.373,2,114.670,12.180,0,115.650,12.150,3,116.470,11.820,0,118.180,10.700,25,119.630,9.270,0,121.260,9.150,28,121.470,8.960,0,129.790,8.890,0,139.500,8.930,0,148.610,8.940,28,159.240,8.910
9.600,199.000,9.928,12.280,6.287,6.023,91,    ,9.170,9.680,8.990,0,20050910
28,-31.890,9.350,28,-24.490,8.990,5,-18.130,8.790,0,-16.190,8.440,0,-11.620,8.400,5,-9.120,8.700,0,-3.930,8.710,0,-2.750,9.450,5,-1.570,9.830,0,-1.300,9.240,0,-0.700,9.240,5,-0.410,9.830,2,0.000,9.770,1,0.000,9.928,0,5.480,9.900,0,5.900,9.580,0,15.770,9.560,0,25.540,9.550,0,33.920,9.550,0,38.550,9.530,0,38.760,9.760,0,39.350,9.910,0,40.010,9.910,0,40.720,9.510,0,42.150,9.570,0,43.570,8.650,0,46.310,8.690,0,49.200,7.480,0,53.430,6.160,0,57.310,6.210,2,58.120,6.150,12,58.120,6.287,13,59.760,5.730,16,60.030,4.850,0,60.250,4.670,0,61.750,4.420,0,64.130,4.400,0,66.420,4.410,0,67.870,4.340,16,69.210,4.850,13,70.180,5.460,0,71.570,5.680,12,72.880,6.023,2,72.880,5.780,0,74.530,5.790,0,77.150,6.520,0,83.240,6.500,0,84.970,6.810,0,87.860,7.400,0,90.160,7.460,0,93.490,7.700,0,95.280,8.770,0,96.590,9.490,0,97.790,10.510,0,98.280,10.720,0,98.630,10.740,0,102.000,10.640,0,105.620,10.440,0,113.730,10.380,0,119.440,9.990,0,126.030,10.020,0,126.900,9.700,0,128.540,9.660,0,129.910,9.460,0,130.640,9.450,0,138.420,9.290,0,146.420,9.420,0,148.120,8.750,0,152.500,8.600,0,153.940,9.260,0,159.830,9.180,0,161.450,9.470,25,163.970,9.600,0,165.760,10.440,3,168.230,11.460,0,170.210,12.090,18,171.050,12.280,2,171.050,12.100,0,172.120,12.060,3,173.200,11.820,0,175.440,10.840,25,177.350,9.680,0,178.510,9.530,0,179.130,9.090,0,187.730,9.010,0,197.290,8.970,0,201.110,9.040,0,201.650,9.300,28,204.900,9.220,0,205.290,9.010,28,215.600,8.970
9.800,201.000,12.126,12.681,6.998,6.742,97,9.300,8.840,9.320,9.060,0,20050910
28,-40.000,8.840,28,-29.300,8.840,0,-28.540,9.130,0,-27.910,9.130,0,-27.540,8.910,0,-15.850,8.910,0,-15.410,9.120,5,-14.930,9.130,0,-14.200,8.500,0,-13.920,8.430,5,-12.530,9.620,0,-12.130,9.920,5,-12.030,9.920,0,-11.780,9.230,0,-11.170,9.230,5,-10.900,9.920,0,-10.800,9.920,5,-10.320,9.720,0,-9.200,8.890,0,-8.940,8.890,5,-8.460,9.250,24,-6.670,9.300,0,-3.920,10.040,3,-1.030,11.830,2,0.000,11.920,1,0.000,12.126,3,0.980,11.920,0,2.360,11.050,0,4.020,10.820,24,6.470,9.650,0,8.720,9.140,0,18.620,9.440,0,24.900,9.470,0,29.870,9.820,0,37.880,9.960,0,41.190,9.780,0,41.320,10.060,0,42.240,10.070,0,42.510,9.970,0,44.400,8.550,0,45.890,8.190,0,48.100,6.550,0,50.300,6.560,0,52.470,6.630,0,54.630,6.920,2,59.770,6.700,12,59.770,6.998,13,60.830,6.550,0,62.020,6.010,0,63.340,5.920,16,63.930,4.930,0,65.420,4.740,0,67.130,4.740,0,69.600,4.710,0,71.970,4.690,0,73.470,4.780,16,74.280,4.930,0,75.780,5.980,12,77.470,6.742,2,77.470,6.490,13,77.470,6.490,0,79.260,6.430,0,82.660,6.380,0,85.870,6.870,0,92.590,7.830,0,95.930,8.010,0,97.640,9.520,0,98.980,9.980,0,99.960,10.550,0,100.310,10.680,0,105.790,10.670,0,112.570,10.070,0,118.750,10.030,0,120.370,9.800,0,125.020,9.650,0,126.330,9.870,0,128.280,9.700,0,129.460,9.060,0,131.030,9.080,0,134.080,8.770,25,138.500,8.680,0,141.100,9.930,3,143.670,11.930,0,144.810,12.320,0,145.780,12.270,0,146.490,12.390,18,146.980,12.681,2,146.980,12.490,0,148.080,12.420,3,149.380,11.980,0,153.060,10.630,0,155.380,10.020,25,156.550,9.320,28,157.100,9.080,0,167.560,9.070,0,177.230,9.040,28,183.090,9.050
10.000,208.000,12.213,12.274,6.877,6.912,104,9.230,9.040,9.480,8.980,0,20050910
28,-33.770,9.030,19,-33.770,9.030,0,-26.640,9.050,19,-20.350,9.030,28,-19.670,9.050,0,-19.170,9.380,0,-18.770,9.390,5,-18.440,9.290,0,-18.340,9.090,0,-18.140,9.090,5,-18.040,9.290,5,-17.490,9.300,0,-17.490,9.970,0,-17.340,9.970,0,-17.340,9.270,0,-16.440,9.270,0,-16.440,9.980,0,-16.290,9.980,5,-16.290,9.380,5,-15.760,9.420,0,-14.770,8.800,0,-14.330,8.860,5,-13.310,9.210,24,-5.960,9.230,3,-1.070,11.940,2,0.000,12.040,1,0.000,12.213,3,1.340,11.980,0,2.340,11.480,24,5.840,9.290,0,13.820,9.490,0,23.240,9.560,0,31.950,9.770,0,39.320,9.810,0,44.320,9.730,0,45.370,10.760,0,46.030,10.730,0,46.650,10.480,0,47.990,9.340,0,49.960,8.250,0,51.230,7.250,0,53.600,6.770,0,55.190,6.980,0,56.360,6.940,0,60.680,6.960,0,69.640,6.700,13,77.370,6.670,2,77.370,6.640,12,77.370,6.877,0,79.190,5.970,0,79.560,5.300,16,80.520,4.950,0,81.110,4.800,0,81.860,4.620,0,84.120,4.510,0,85.520,4.510,0,86.650,4.790,16,88.370,4.950,0,90.770,5.070,0,92.150,5.160,0,93.140,5.830,0,94.570,6.600,12,94.800,6.912,2,94.800,6.700,13,94.800,6.700,0,96.490,6.880,0,98.820,7.260,0,102.010,9.140,0,104.230,10.500,0,104.850,10.510,0,108.250,10.290,0,112.270,9.720,0,120.040,9.640,0,127.320,9.220,0,133.470,9.180,0,137.860,9.280,0,140.070,9.560,25,143.290,9.890,0,145.790,11.390,3,147.060,12.010,18,148.170,12.274,2,148.170,12.090,3,149.550,11.900,0,150.970,11.120,25,153.670,9.480,0,155.900,9.110,0,158.090,9.050,0,158.900,8.970,0,160.040,9.250,0,160.750,9.670,5,161.210,9.740,0,161.410,9.140,0,161.970,9.140,5,162.170,9.740,0,162.930,9.490,5,164.210,8.830,0,164.940,7.860,0,165.520,7.910,5,166.670,8.680,0,167.730,9.370,0,168.320,9.320,28,168.970,9.010,0,178.170,8.960,28,183.170,8.990
10.200,204.000,12.285,12.271,7.030,6.786,104,9.860,9.030,9.850,8.990,0,20050912
28,-30.000,9.040,0,-20.000,9.030,28,-12.170,9.020,0,-11.700,9.470,5,-10.800,9.480,0,-10.700,9.260,0,-10.500,9.260,5,-10.400,9.480,5,-9.800,9.440,0,-9.800,10.040,0,-9.650,10.040,0,-9.650,9.330,0,-8.750,9.330,0,-8.750,10.040,0,-8.600,10.040,5,-8.600,9.410,5,-8.150,9.470,0,-7.690,9.100,0,-6.340,9.130,5,-5.700,9.560,24,-3.900,9.860,3,-0.910,12.020,2,0.000,12.140,1,0.000,12.285,3,1.080,12.080,0,2.680,11.440,24,5.520,9.860,0,9.880,9.590,0,12.590,9.800,0,16.220,9.820,0,17.160,9.900,0,20.320,9.920,0,29.040,9.840,0,38.330,9.820,0,46.000,9.900,0,50.810,9.920,0,51.270,9.850,0,52.390,8.990,0,54.250,7.300,0,59.870,7.270,0,63.340,7.300,0,70.840,7.270,0,78.370,6.890,2,84.430,6.360,12,84.430,7.030,0,84.930,6.740,13,86.600,6.180,0,86.960,5.540,0,87.610,5.310,16,87.990,5.000,0,88.680,4.770,0,91.160,4.740,0,93.590,4.770,0,95.240,4.800,0,96.730,4.880,16,97.120,5.000,0,98.650,5.270,0,99.740,5.420,13,100.260,5.960,12,101.630,6.786,2,101.630,6.520,0,103.820,7.460,0,107.070,8.870,0,110.170,10.150,0,110.800,10.140,0,112.110,10.180,0,113.110,10.790,0,113.500,10.990,0,118.090,11.010,0,119.300,10.670,0,121.310,9.610,0,122.890,9.550,0,126.620,9.280,0,130.920,9.130,0,133.630,9.150,0,135.030,9.450,0,140.250,9.420,0,145.090,9.370,25,146.000,9.500,0,148.300,10.850,0,149.020,11.170,3,150.140,12.030,0,150.510,12.150,18,151.490,12.271,2,151.490,12.110,3,152.770,12.070,0,153.980,11.480,25,156.820,9.850,0,157.590,9.720,0,159.130,9.050,0,164.950,9.080,0,169.430,9.130,0,173.580,9.050,0,174.460,9.800,0,174.780,9.830,5,175.020,9.940,0,175.220,9.250,0,175.920,9.250,5,176.120,9.940,0,176.820,9.790,28,178.010,9.010,0,187.080,9.000,0,197.160,8.980,28,208.250,8.990
10.281,75.000,11.910,11.977,6.288,6.423,73,    ,    ,    ,    ,1,20050912
14,-32.850,10.980,0,-31.240,11.010,14,-29.430,11.090,0,-27.540,11.110,0,-25.830,10.930,0,-20.710,11.070,0,-15.620,11.190,0,-10.800,11.230,0,-6.500,11.350,0,-5.230,11.680,0,-3.850,11.800,14,-1.620,11.860,14,0.000,11.910,2,0.000,11.910,1,0.000,11.910,0,1.230,11.920,0,1.230,12.460,0,6.530,12.570,0,6.530,10.180,0,7.630,10.170,10,7.630,9.140,0,11.440,7.470,0,17.090,7.570,0,25.370,7.530,0,30.900,7.260,13,38.560,7.520,10,39.950,6.860,0,41.670,6.100,2,42.430,6.100,12,42.430,6.288,0,44.000,5.990,0,44.530,5.510,0,46.300,5.250,16,47.240,5.130,10,47.600,4.980,0,50.760,5.020,0,55.340,5.040,0,57.650,5.030,16,57.740,5.130,10,58.580,5.510,0,58.930,6.170,12,59.250,6.423,2,59.250,6.240,0,59.780,6.350,10,61.740,7.080,13,62.730,7.510,0,66.630,7.470,10,72.930,7.540,0,73.570,7.520,0,81.150,7.610,10,89.760,7.520,0,93.610,9.210,10,93.610,10.200,0,94.710,10.200,0,94.710,12.560,0,100.030,12.470,0,100.030,11.980,14,101.440,11.980,18,101.620,11.977,2,101.620,11.980,0,103.090,11.940,14,105.080,11.870,22,115.280,11.710,0,119.710,11.480,0,126.700,9.760,5,127.500,9.820,0,127.700,9.120,0,128.400,9.120,5,128.600,9.820,0,128.990,9.660,0,129.230,9.630,0,129.650,9.430,0,131.580,9.320
è¨ó—ã¥,2.560,2
10.400,127.000,12.092,11.467,6.880,6.802,106,8.850,8.820,10.170,9.590,0,20050912
28,-31.200,8.850,0,-26.790,8.660,28,-18.860,9.060,0,-18.330,9.030,5,-17.470,8.930,0,-16.800,8.140,0,-16.360,8.140,5,-16.140,8.610,0,-15.770,8.840,0,-15.450,8.910,0,-14.840,9.270,5,-14.260,9.350,0,-14.160,9.050,0,-13.880,9.050,5,-13.780,9.350,5,-12.130,9.390,0,-12.130,10.010,0,-11.980,10.010,0,-11.980,9.300,0,-11.080,9.300,0,-11.080,10.000,0,-10.930,10.000,5,-10.930,9.300,0,-10.380,9.370,0,-10.000,9.150,5,-9.200,9.130,0,-8.370,8.550,0,-7.920,8.590,5,-7.580,8.840,0,-7.210,8.870,24,-5.880,8.850,3,-2.580,11.590,0,-0.620,11.860,2,0.000,11.910,1,0.000,12.092,3,0.560,11.820,0,2.110,11.150,0,2.760,10.920,24,5.110,9.730,0,5.420,9.690,0,8.180,9.520,0,18.070,9.510,0,27.650,9.570,0,34.880,9.530,0,43.220,9.600,0,43.740,9.720,0,44.110,9.760,0,44.550,9.740,0,46.390,8.130,0,48.090,7.600,0,53.470,7.300,0,63.000,6.900,0,68.370,6.650,2,73.880,6.560,12,73.880,6.880,13,75.190,6.580,0,76.530,6.090,0,77.060,5.370,16,77.610,5.190,0,78.620,4.950,0,81.040,5.010,0,84.150,4.980,0,85.720,4.980,16,86.890,5.190,0,88.880,5.480,0,89.870,6.020,12,91.080,6.802,2,91.080,6.570,13,91.080,6.570,0,92.720,7.210,0,95.290,8.170,0,96.110,8.390,0,96.790,8.850,0,97.270,9.120,0,97.920,9.280,0,99.370,9.440,0,101.680,9.660,0,102.530,9.210,0,109.580,9.450,0,112.670,9.440,0,114.530,9.430,0,119.750,9.380,0,126.830,9.290,0,131.410,9.280,25,136.360,9.580,0,137.930,10.360,3,139.160,11.200,0,141.240,11.300,18,142.690,11.467,2,142.690,11.330,3,144.440,11.170,25,146.010,10.170,5,146.550,10.060,0,146.750,9.360,0,147.450,9.360,5,147.650,10.060,0,148.240,9.960,5,148.860,9.600,0,149.560,8.710,0,150.450,8.720,5,150.840,9.300,28,151.280,9.670,0,153.310,9.720,28,157.230,9.360,14,159.890,9.350,14,161.660,9.380
10.600,203.000,12.320,10.408,6.803,6.652,113,8.860,8.910,9.860,8.940,0,20050912
28,-35.000,8.920,0,-30.000,8.900,0,-20.000,8.910,28,-14.710,8.900,0,-14.200,9.220,5,-13.810,9.380,0,-13.710,9.090,0,-13.430,9.090,5,-13.330,9.380,5,-11.620,9.370,0,-11.620,9.970,0,-11.470,9.970,0,-11.470,9.260,0,-10.570,9.260,0,-10.570,9.970,0,-10.420,9.970,5,-10.420,9.430,0,-9.870,9.470,0,-8.230,8.860,0,-7.650,8.870,0,-7.300,8.990,0,-6.820,8.980,0,-6.490,8.870,24,-5.710,8.860,0,-3.330,10.290,3,-0.700,12.070,2,0.000,12.110,1,0.000,12.320,3,0.620,12.070,0,2.680,10.890,24,5.780,9.410,0,9.400,9.480,0,10.150,9.080,0,10.610,9.120,0,10.820,9.260,0,19.950,9.450,0,28.940,9.640,0,37.960,9.870,0,48.040,10.020,0,57.440,10.140,0,66.020,10.150,0,69.870,10.020,0,71.300,9.930,0,73.130,9.890,0,74.960,8.880,0,76.530,8.620,0,78.300,8.340,0,83.490,7.240,0,86.060,6.830,0,90.340,6.560,2,93.540,6.520,12,93.540,6.803,0,94.860,6.580,0,96.380,6.150,13,98.380,5.860,16,99.170,5.210,0,100.600,5.080,0,101.950,4.920,0,103.240,4.910,0,105.050,4.920,0,106.580,4.940,16,107.120,5.210,0,108.780,5.520,0,110.230,5.690,13,110.660,6.080,0,113.500,6.010,0,114.210,6.330,12,114.670,6.652,2,114.670,6.430,0,116.820,6.580,0,118.400,7.030,0,120.810,7.290,0,122.420,7.970,0,123.860,8.420,0,124.820,8.600,0,126.340,9.470,0,127.250,10.250,18,127.400,10.408,2,127.400,10.280,0,128.590,10.260,0,130.100,9.930,0,132.230,10.050,0,136.690,10.230,0,138.900,9.940,0,141.690,9.880,0,144.430,9.620,0,149.110,9.720,0,152.610,9.860,25,153.670,10.090,0,156.050,11.560,3,156.930,11.950,0,157.550,12.150,0,158.880,12.200,3,159.900,11.750,0,161.940,10.520,25,163.670,9.860,0,165.630,9.840,0,166.160,9.980,5,166.620,10.070,0,166.820,9.380,0,167.520,9.380,5,167.720,10.070,0,168.170,10.010,0,168.420,9.970,0,169.290,9.400,0,169.710,9.270,0,169.970,9.160,0,170.160,9.180,0,170.540,9.380,0,172.550,9.380,0,172.980,9.280,28,173.510,8.950,28,182.070,8.930
10.800,203.000,12.330,10.348,8.241,7.063,87,9.520,8.830,    ,9.340,0,20050912
28,-30.200,8.790,0,-23.320,8.820,28,-16.900,8.890,0,-16.070,8.390,0,-15.730,8.350,0,-14.840,9.420,5,-14.300,9.500,0,-14.200,9.210,0,-13.920,9.210,5,-13.820,9.500,5,-12.140,9.590,0,-12.140,10.100,0,-11.990,10.100,0,-11.990,9.390,0,-11.090,9.390,0,-11.090,10.100,0,-10.940,10.100,5,-10.940,9.480,0,-10.370,9.500,0,-9.750,9.160,0,-8.840,9.140,0,-8.460,9.020,0,-8.130,9.010,0,-7.530,9.310,24,-6.630,9.520,0,-2.810,11.170,0,-1.900,11.350,3,-0.650,12.100,2,0.000,12.200,1,0.000,12.330,3,0.620,12.160,0,1.770,11.560,24,4.260,9.850,0,5.660,9.400,0,9.030,9.500,0,18.570,9.400,0,28.530,9.480,0,38.130,9.540,0,47.750,9.580,0,54.590,9.550,0,60.200,9.430,0,60.480,9.530,0,60.690,9.560,0,60.900,9.490,0,62.010,8.610,0,63.260,8.310,0,64.900,7.970,2,66.110,8.000,12,66.110,8.241,0,67.770,6.920,0,68.770,6.430,13,69.740,6.130,16,70.670,5.210,0,71.370,4.860,0,73.570,4.820,0,75.670,4.900,0,76.670,4.900,16,78.010,5.210,0,79.010,5.400,0,81.920,5.840,0,83.930,6.080,12,85.980,7.063,2,85.980,6.810,13,85.980,6.810,0,89.810,6.830,0,95.610,6.900,0,98.640,7.280,0,101.670,7.510,0,103.440,8.120,0,104.490,8.270,0,107.670,10.240,0,108.400,10.340,0,111.350,10.680,0,113.250,10.700,0,117.490,10.310,18,120.700,10.348,2,120.700,10.250,0,123.720,10.350,0,125.630,9.970,0,127.540,9.680,0,133.060,9.830,0,138.180,9.900,0,141.670,9.970,28,144.780,9.380,0,145.370,9.370,0,148.500,9.240,28,150.750,9.520
11.000,201.000,12.812,10.349,7.262,6.608,71,10.380,9.350,    ,9.790,0,20050912
28,-30.000,9.340,0,-20.000,9.360,0,-11.960,9.340,28,-9.370,9.330,0,-8.530,9.670,5,-7.770,9.680,0,-6.610,8.740,0,-6.150,8.730,5,-4.360,10.380,24,-4.360,10.380,3,-0.560,12.640,2,0.000,12.700,1,0.000,12.812,3,0.740,12.580,0,2.230,11.780,0,4.480,10.690,24,6.990,9.740,0,16.250,9.820,0,24.800,10.020,0,32.190,10.130,0,39.610,10.360,0,45.380,10.420,0,48.750,10.330,0,50.360,10.180,0,54.280,8.930,0,57.810,7.240,0,60.350,7.040,2,62.190,7.040,12,62.190,7.262,0,62.560,7.010,0,64.150,6.450,0,64.820,6.150,0,65.730,6.080,13,67.700,6.040,16,68.330,5.230,0,68.670,4.960,0,69.800,4.850,0,70.220,4.850,0,70.900,5.070,0,73.440,5.050,0,76.020,4.970,0,77.940,4.960,16,78.310,5.230,13,79.450,6.220,12,80.040,6.608,2,80.040,6.420,0,82.040,6.630,0,84.380,7.110,0,89.110,9.000,0,90.170,9.530,0,92.780,9.760,0,98.350,9.910,0,103.470,10.100,0,107.260,10.380,0,115.380,10.310,0,122.160,10.240,18,127.930,10.349,2,127.930,10.230,0,132.090,10.160,0,135.930,10.110,0,138.190,10.310,0,143.410,10.420,0,149.530,10.450,0,153.120,10.140,5,154.560,10.210,0,154.760,9.520,0,155.460,9.520,5,155.660,10.210,0,156.100,10.170,28,156.930,9.830,28,160.760,9.750
11.200,185.000,12.975,10.021,6.931,6.641,82,10.350,9.350,    ,9.850,0,20050912
28,-30.000,9.340,0,-20.000,9.350,0,-10.870,9.340,28,-8.170,9.380,0,-7.830,9.540,5,-7.500,9.550,0,-6.510,8.880,0,-6.050,9.000,4,-4.810,10.350,3,-1.070,12.620,2,0.000,12.820,1,0.000,12.975,0,0.820,12.750,3,2.300,12.080,0,3.070,11.860,24,5.920,10.280,0,17.720,10.280,0,26.640,10.290,0,33.640,10.280,0,37.370,10.220,0,38.150,10.180,0,39.630,9.910,0,43.450,7.270,0,49.080,6.850,0,53.970,6.820,2,58.100,6.780,12,58.100,6.931,0,58.970,6.650,13,60.360,6.230,0,60.980,5.400,16,61.250,5.250,0,62.340,5.050,0,64.220,5.070,0,66.260,5.050,0,67.930,5.090,16,68.460,5.250,0,69.560,5.510,0,71.230,5.470,13,72.260,6.050,0,74.150,6.180,12,75.270,6.641,2,75.270,6.530,0,76.270,6.900,0,79.580,7.310,0,83.250,8.380,0,88.230,9.570,0,90.980,10.220,0,92.420,11.100,0,93.030,11.240,0,100.090,11.250,0,102.680,11.070,0,104.300,10.350,0,111.220,10.280,0,114.810,10.150,0,120.420,10.140,0,127.030,10.060,0,133.220,9.900,18,137.910,10.021,2,137.910,9.890,28,141.150,9.860,0,144.510,9.840,28,147.060,9.850,0,148.790,10.660,0,150.720,11.390,4,153.280,11.480,0,154.810,11.460,4,156.500,11.440,0,157.600,11.420,0,158.360,11.150,0,160.030,10.080,0,163.370,9.880,5,163.750,9.810,0,164.180,9.490,0,164.550,9.460,5,165.090,9.830,0,165.880,9.890,0,166.900,10.510,5,167.710,10.590,0,168.010,9.690,0,168.850,9.690,5,169.150,10.590,0,169.920,10.470
11.400,148.000,13.144,10.832,7.496,7.106,75,10.120,10.070,    ,9.560,0,20050912
23,-29.280,10.350,0,-27.650,10.150,28,-15.290,10.070,0,-9.900,10.050,28,-5.540,10.120,24,-5.540,10.120,3,-0.610,12.860,2,0.000,12.950,1,0.000,13.144,3,1.500,12.830,0,2.960,11.920,24,5.720,10.230,0,12.220,10.130,0,16.850,10.240,0,25.000,10.420,0,35.000,10.500,0,45.000,10.600,0,58.700,10.790,0,60.050,10.720,0,60.530,10.560,0,61.390,10.220,0,64.710,7.950,0,65.930,7.720,0,67.120,7.230,2,71.220,7.250,12,71.220,7.496,13,72.200,7.070,0,73.220,6.630,0,73.980,6.180,0,75.670,5.290,16,76.040,5.270,0,77.570,5.190,0,79.100,5.040,0,81.310,4.960,0,82.450,4.940,0,83.390,5.070,16,84.100,5.270,0,85.540,5.710,0,86.550,6.020,12,88.650,7.106,2,88.650,6.860,13,88.650,6.860,0,92.540,6.870,0,97.030,7.010,0,101.620,7.540,0,104.320,9.680,0,106.000,10.740,0,107.250,11.630,0,107.650,11.770,0,110.230,11.790,0,112.960,11.740,0,116.640,11.670,0,119.870,11.060,0,122.070,10.660,0,125.690,10.710,0,128.930,10.430,0,131.090,10.390,18,131.990,10.832,2,131.990,10.720,0,133.780,10.700,0,134.190,10.330,0,141.990,10.360,0,151.990,10.330,0,161.990,10.350,0,163.400,10.370,0,163.740,10.640,0,164.730,10.650,0,165.840,10.350,5,167.250,9.870,0,167.760,9.470,0,168.020,9.470,5,168.490,9.830,0,168.940,9.850,28,169.290,9.550,28,178.990,9.560
11.600,197.000,10.536,10.864,7.400,7.588,84,    ,10.190,    ,9.860,0,20050912
28,-30.000,10.180,28,-25.120,10.200,0,-23.290,10.670,0,-21.370,10.830,0,-19.650,12.410,0,-16.930,12.610,0,-16.260,12.540,0,-15.100,11.930,0,-14.060,11.130,0,-12.350,10.400,0,-9.590,10.380,0,-9.040,10.130,0,-8.770,10.150,0,-8.530,10.300,2,0.000,10.350,1,0.000,10.536,0,8.880,10.440,0,18.580,10.310,0,28.390,10.390,0,38.170,10.400,0,44.280,10.500,0,44.800,10.660,0,45.290,10.520,0,46.660,10.170,0,49.230,8.700,0,53.980,8.020,0,58.740,7.110,13,64.160,7.100,2,64.160,7.100,12,64.160,7.400,0,65.690,6.520,0,67.010,5.940,0,69.030,5.580,16,69.990,5.400,0,70.930,5.320,0,72.690,5.320,0,74.690,5.190,0,76.460,5.070,0,77.810,5.130,16,77.920,5.400,0,78.430,6.370,0,79.600,6.450,13,82.450,7.300,12,82.860,7.588,2,82.860,7.330,0,85.270,7.380,0,89.140,7.690,0,93.030,8.830,0,94.190,9.430,0,96.060,10.020,0,100.200,10.190,0,104.910,10.260,0,107.260,10.440,0,112.030,10.500,0,118.720,10.430,0,120.200,10.290,0,139.260,10.300,0,139.990,10.660,0,143.010,10.590,18,145.290,10.864,2,145.290,10.720,0,146.620,10.500,0,147.800,9.760,0,150.100,9.690,0,150.840,9.410,0,151.180,9.190,5,152.110,9.120,0,152.110,8.670,0,152.560,8.670,5,152.560,9.120,0,153.190,9.200,0,153.880,9.680,0,154.810,10.090,0,155.700,10.650,4,156.360,10.670,0,160.180,10.600,4,163.900,10.510,0,164.480,10.460,5,166.550,9.280,0,167.440,9.150,0,167.760,9.550,5,168.220,9.760,28,168.220,9.760,28,176.910,9.950
11.800,195.000,10.167,10.962,7.388,7.260,79,    ,10.280,    ,9.530,0,20050913
28,-41.230,10.320,0,-32.960,10.410,0,-20.000,10.310,0,-10.000,10.170,28,-1.750,10.020,0,-1.630,10.160,2,0.000,10.080,1,0.000,10.167,0,0.510,9.880,0,3.300,7.830,0,7.660,7.490,0,8.270,7.650,0,12.720,7.750,13,17.120,7.700,2,18.470,7.140,12,18.470,7.388,0,19.340,6.680,16,20.990,5.460,0,21.120,5.160,0,22.430,5.180,0,23.510,5.150,0,24.870,5.030,0,26.440,5.010,0,27.960,5.330,16,29.390,5.460,0,30.350,5.720,0,32.780,5.990,0,34.180,6.270,13,34.530,6.660,12,35.690,7.260,2,35.690,7.070,0,39.560,8.950,0,43.020,10.640,0,45.230,10.800,0,47.480,10.830,0,49.530,10.320,0,52.130,9.970,0,56.230,9.970,0,60.870,10.040,0,62.430,11.180,0,63.200,11.250,0,66.010,11.360,0,67.740,11.060,0,73.250,10.630,0,77.900,10.510,0,82.100,10.030,5,84.790,9.850,0,84.790,9.400,0,85.240,9.400,5,85.240,9.850,0,86.040,9.930,0,87.420,10.620,0,89.190,11.750,4,89.730,11.810,0,93.200,11.790,4,96.660,11.710,0,96.920,11.700,0,97.910,11.410,0,99.030,10.850,18,99.220,10.962,2,99.220,10.840,5,99.690,10.740,0,99.690,10.440,0,99.990,10.440,5,99.990,10.740,0,100.490,10.840,0,101.420,11.540,0,102.460,11.550,0,104.620,10.770,5,106.410,9.880,0,106.870,9.000,0,107.580,9.080,5,107.970,9.660,0,108.340,9.850,0,108.890,9.840,28,109.320,9.600,0,119.080,9.530,0,128.280,9.510,28,138.260,9.520
12.000,180.000,11.871,11.315,7.476,7.927,89,    ,10.330,    ,9.550,0,20050913
0,-40.580,10.160,5,-40.070,10.090,0,-39.260,9.610,0,-38.750,9.690,5,-37.980,10.190,28,-30.320,10.170,0,-21.110,10.320,0,-12.020,10.380,28,-3.270,10.400,0,-0.800,11.700,2,0.000,11.720,1,0.000,11.871,0,0.410,11.600,5,2.120,10.370,0,2.300,10.050,0,2.570,10.040,5,2.950,10.420,0,3.700,10.580,0,13.920,10.740,0,21.380,10.840,0,25.200,10.830,0,32.230,10.700,0,32.740,10.360,0,33.450,10.310,0,34.020,10.250,0,37.610,8.270,0,40.970,7.440,13,44.190,7.210,2,44.190,7.210,12,44.190,7.476,0,45.530,6.650,0,46.410,6.060,16,48.030,5.560,0,48.790,5.350,0,50.620,5.370,0,52.950,5.430,0,55.260,5.420,0,56.340,5.470,16,56.640,5.560,0,57.690,6.240,0,59.990,6.350,0,61.050,6.900,13,62.130,7.340,12,64.500,7.927,2,64.500,7.690,0,66.390,7.970,0,70.670,9.060,0,73.170,9.330,0,77.950,9.800,0,84.500,10.040,0,93.010,10.310,0,99.770,10.320,0,106.730,10.200,0,108.080,9.720,5,108.830,9.630,0,108.830,9.180,0,109.630,9.180,5,109.630,9.630,0,110.840,9.620,0,111.480,9.890,0,115.690,11.070,0,119.620,12.420,0,119.910,12.530,22,120.760,12.540,4,120.760,12.540,0,128.040,12.560,4,135.550,12.400,22,135.550,12.400,0,136.330,12.370,0,138.420,11.730,0,140.910,10.860,0,143.470,10.860,18,145.590,11.315,2,145.590,11.030,0,146.440,10.850,0,147.300,10.490,5,148.570,9.670,0,148.880,9.090,0,149.290,9.090,5,149.690,9.660,0,150.440,9.850,0,151.240,9.830,28,151.850,9.590,0,161.530,9.570,0,171.970,9.550,0,182.140,9.550,0,191.800,9.540,0,201.800,9.540,28,212.070,9.550
12.041,48.000,12.855,13.238,7.993,7.987,49,    ,    ,    ,    ,1,20050913
0,-36.950,11.830,0,-32.550,11.920,0,-25.650,12.210,0,-19.900,12.510,0,-13.580,12.710,0,-7.340,12.800,0,-2.000,12.950,2,0.000,12.860,1,0.000,12.855,0,1.020,12.920,0,1.020,13.610,0,7.550,13.640,0,7.550,10.870,0,8.850,10.870,0,8.850,9.690,0,9.750,9.600,0,12.120,8.350,10,16.960,7.960,13,18.030,7.990,2,18.030,7.990,12,18.030,7.993,10,22.750,5.820,0,25.220,5.740,0,28.810,5.880,0,31.800,5.770,16,33.180,5.600,10,33.920,5.470,0,35.670,5.500,16,36.070,5.600,12,40.980,7.987,2,40.980,7.990,13,40.980,7.990,10,42.630,7.980,0,43.710,8.110,0,45.570,9.190,0,46.180,9.330,0,46.180,10.890,0,47.500,10.890,0,47.500,13.640,0,54.010,13.620,0,54.010,13.120,0,54.460,13.240,18,55.010,13.238,2,55.010,13.240,0,57.460,13.220,0,63.790,13.160,0,74.140,13.010,0,83.960,12.880,0,94.840,12.660
ÇWçÜã¥,0.000,0
12.200,152.000,10.586,13.355,7.201,8.099,88,    ,10.510,10.660,9.710,0,20050913
4,-45.740,10.150,0,-41.960,10.200,0,-38.930,10.100,0,-36.150,10.020,4,-28.230,10.400,28,-23.710,10.320,0,-16.410,10.500,0,-5.590,10.610,28,-3.630,10.660,0,-1.480,10.600,5,0.000,10.500,2,0.000,10.500,1,0.000,10.586,0,0.400,10.220,0,0.820,10.240,5,1.230,10.440,0,2.340,10.580,0,52.790,10.250,0,53.550,10.120,0,57.900,10.010,0,58.550,9.840,0,59.210,9.570,13,62.130,8.070,2,64.470,6.900,12,64.470,7.201,0,65.760,6.370,0,67.040,6.120,16,68.800,5.690,0,69.800,5.620,0,71.330,5.500,0,73.490,5.460,0,74.960,5.590,16,75.670,5.690,0,76.340,5.800,0,77.500,5.850,0,78.480,6.330,0,81.970,7.830,0,85.170,7.770,0,88.640,7.710,0,90.300,6.860,16,90.600,6.830,0,91.320,6.570,0,92.480,6.500,0,93.970,6.490,16,94.700,6.830,0,95.600,7.000,12,96.750,8.099,2,96.750,7.920,13,96.750,7.920,0,98.830,9.440,0,100.380,11.000,0,101.240,11.510,0,101.790,11.670,0,106.050,11.770,0,110.720,11.560,0,116.030,11.340,0,120.500,11.060,0,122.410,10.540,0,125.230,10.460,0,128.480,10.390,0,130.420,9.350,0,132.720,9.380,0,133.780,9.930,25,136.520,9.970,0,138.480,10.610,0,140.000,11.510,3,141.820,12.530,0,143.150,13.120,18,143.530,13.355,2,143.530,13.200,0,143.850,13.180,3,145.090,12.840,5,148.430,10.660,0,149.250,9.680,0,149.670,9.670,5,150.170,10.110,0,150.340,10.130,0,150.730,10.040,28,151.340,9.790,0,161.280,9.700,0,170.080,9.680,0,179.550,9.690,0,189.360,9.710,28,198.820,9.750,0,199.310,9.900,0,200.050,9.890,0,200.530,9.690,0,209.570,9.690
12.400,201.000,11.062,13.587,7.183,7.388,80,    ,10.960,10.870,10.180,0,20050913
23,-70.880,10.720,23,-58.030,10.800,5,-55.870,10.700,0,-54.510,9.900,0,-53.920,9.980,5,-53.070,10.830,28,-50.370,10.950,0,-45.620,11.060,0,-43.070,11.080,0,-38.520,11.090,0,-35.550,10.900,0,-29.990,10.920,0,-20.320,10.910,0,-10.160,10.970,28,-0.820,10.870,2,0.000,10.970,1,0.000,11.062,0,2.050,10.850,0,2.830,10.300,0,4.510,8.360,0,6.660,7.110,0,8.960,6.880,0,15.810,6.880,2,24.700,6.960,12,24.700,7.183,13,25.360,6.920,0,26.150,6.610,0,26.690,6.520,0,26.910,5.810,16,27.480,5.810,0,28.390,5.650,0,29.220,5.500,0,30.300,5.540,0,31.950,5.580,16,32.640,5.810,0,34.200,6.140,0,37.640,5.980,0,38.890,6.280,0,40.730,7.080,12,41.020,7.388,2,41.020,7.130,13,41.020,7.130,0,42.620,7.120,0,44.410,7.350,0,47.640,9.410,0,50.140,11.410,0,50.720,11.500,0,52.150,11.410,0,57.130,11.710,0,62.510,11.550,0,69.070,11.090,0,75.440,10.880,0,76.420,10.560,0,78.020,10.650,0,80.270,10.790,0,82.470,10.550,0,85.580,10.580,0,87.290,10.240,0,90.310,10.250,0,92.170,10.520,0,93.910,10.480,25,95.950,10.730,0,97.830,11.710,3,99.950,13.020,0,100.600,13.310,18,101.350,13.587,2,101.350,13.430,0,102.010,13.380,3,102.960,12.980,25,106.530,10.870,5,106.980,10.520,0,107.400,9.970,0,107.790,9.940,5,108.150,10.340,0,108.730,10.560,0,109.130,10.560,28,109.880,10.190,0,119.800,10.180,0,130.070,10.170,28,137.260,10.160
12.600,198.000,11.401,11.395,7.858,7.241,83,    ,10.250,    ,10.260,0,20050913
28,-60.000,10.240,28,-48.680,10.250,0,-48.230,10.540,5,-47.680,10.580,0,-46.970,9.920,0,-46.610,9.920,5,-46.140,10.350,0,-44.000,10.270,0,-31.010,10.220,0,-24.490,10.310,0,-14.590,10.330,0,-5.440,10.290,5,-4.690,10.190,0,-4.260,9.600,0,-3.990,9.650,5,-3.760,10.160,0,-2.730,10.990,0,-1.780,11.220,0,-0.910,11.440,0,-0.500,11.250,2,0.000,11.190,1,0.000,11.401,0,3.730,11.550,0,9.350,11.920,0,10.800,12.080,0,12.220,12.440,0,12.520,12.460,0,13.380,12.170,0,14.780,12.260,0,16.220,11.590,0,17.950,11.440,0,22.770,10.320,0,23.820,9.430,0,24.940,9.270,0,26.720,8.030,0,29.410,7.790,2,30.720,7.600,12,30.720,7.858,13,31.810,7.290,0,33.310,6.610,16,34.460,5.850,0,35.670,5.590,0,37.280,5.600,0,38.720,5.650,16,40.080,5.850,0,41.630,6.120,0,42.960,6.490,0,45.930,6.410,13,47.790,7.000,12,48.120,7.241,2,48.120,7.040,0,54.140,7.130,0,59.190,7.210,0,63.220,8.540,0,64.750,10.030,0,65.960,10.780,0,67.570,11.740,0,68.590,11.890,0,70.220,11.910,0,71.350,11.750,0,73.160,11.040,0,76.910,10.870,0,81.460,11.070,0,83.520,10.640,0,85.580,10.410,0,90.130,10.500,0,92.180,11.110,18,92.920,11.395,2,92.920,11.240,0,95.420,11.260,0,110.920,11.160,5,111.450,10.990,0,111.450,11.020,0,111.540,11.020,0,111.540,10.020,0,112.540,10.020,0,112.540,11.020,0,112.630,11.020,5,112.630,10.980,0,112.950,10.940,0,113.650,10.350,28,121.270,10.260,28,128.430,10.250
12.800,200.000,11.205,11.195,7.420,7.795,42,    ,11.330,    ,10.550,0,20050913
0,-86.410,11.010,4,-81.660,11.640,0,-74.510,11.670,4,-68.590,11.560,28,-67.300,11.340,28,-1.920,11.320,0,-1.530,11.640,0,-0.950,11.660,0,-0.290,11.240,2,0.000,11.100,1,0.000,11.205,0,1.770,10.190,0,5.500,8.340,2,7.950,7.190,12,7.950,7.420,0,9.500,6.590,13,10.950,6.370,16,13.140,5.890,0,14.510,5.730,0,15.450,5.730,0,16.400,5.740,16,17.470,5.890,13,18.300,6.420,0,21.350,6.410,0,24.200,7.560,12,24.700,7.795,2,24.700,7.580,0,31.920,8.080,0,37.580,8.450,0,39.260,8.450,0,41.990,9.900,0,43.840,11.050,18,44.360,11.195,2,44.360,11.060,0,46.960,11.220,0,51.760,11.270,0,53.980,11.450,0,58.540,11.390,0,62.350,11.080,28,67.530,10.650,0,73.040,10.510,28,76.420,10.490
13.000,184.000,11.905,11.372,7.449,7.200,80,    ,11.200,    ,11.190,0,20050913
0,-35.160,11.390,0,-34.740,11.250,28,-34.530,11.220,0,-20.000,11.180,28,-13.920,11.240,0,-13.590,11.430,0,-13.050,11.460,5,-12.200,11.090,0,-11.910,10.860,0,-11.460,10.890,5,-10.990,11.340,0,-10.680,11.500,0,-9.750,11.600,0,-9.230,11.760,0,-8.480,12.220,4,-8.280,12.280,0,-7.890,12.300,0,-4.720,12.360,0,-1.630,12.310,4,-0.810,12.240,2,0.000,11.820,1,0.000,11.905,5,0.560,11.530,0,1.380,10.890,0,1.650,10.920,5,2.190,11.250,0,11.830,11.340,0,21.990,11.370,0,29.410,11.270,0,34.090,11.120,0,40.730,10.750,0,41.670,10.740,0,41.980,10.710,0,43.880,9.340,0,45.360,8.390,0,46.000,8.180,0,47.200,7.690,0,53.050,7.480,0,58.470,7.420,2,60.650,7.250,12,60.650,7.449,13,62.760,6.700,16,63.460,5.980,0,64.400,5.570,0,65.650,5.640,0,66.720,5.670,0,67.790,5.820,16,68.510,5.980,0,69.680,6.190,0,70.890,6.360,13,71.320,6.630,0,73.590,6.530,0,75.400,6.540,12,76.730,7.200,2,76.730,6.990,0,77.970,7.510,0,81.570,9.060,0,84.900,10.580,0,87.770,11.910,0,88.650,12.100,0,94.070,12.240,0,97.710,12.090,0,104.970,11.940,0,111.920,11.820,0,117.740,11.590,0,120.800,11.640,0,121.890,11.170,0,123.700,11.200,18,126.750,11.372,2,126.751,11.220,5,129.920,11.160,0,130.470,10.590,0,130.930,10.630,5,131.570,11.150,0,132.560,11.450,0,133.450,11.460,28,133.960,11.200,0,146.750,11.190,0,156.750,11.190,28,161.750,11.210
13.200,165.000,11.278,11.612,8.144,7.583,86,    ,10.800,    ,11.420,0,20050913
28,-70.000,10.790,0,-60.000,10.800,28,-54.170,10.790,0,-53.660,11.170,0,-51.380,11.270,0,-51.100,11.540,5,-50.830,11.600,0,-50.830,12.900,0,-50.730,12.900,0,-50.730,12.000,0,-49.530,12.000,0,-49.530,12.900,0,-49.430,12.900,5,-49.430,11.620,0,-48.150,11.590,0,-46.890,12.260,4,-46.120,12.330,0,-43.200,12.440,4,-40.090,12.530,0,-39.330,12.510,0,-37.860,11.660,0,-37.180,11.560,5,-36.600,11.210,0,-36.210,10.460,0,-35.550,10.530,5,-35.110,11.120,0,-34.410,11.590,0,-33.470,11.600,0,-32.970,11.140,0,-20.000,11.130,0,-10.000,11.130,0,-3.000,11.120,0,-1.590,11.150,0,-1.100,11.430,0,-0.310,11.420,2,0.000,11.160,1,0.000,11.278,0,1.000,10.700,0,1.550,10.350,0,4.130,10.000,0,5.680,9.190,0,6.700,8.520,0,11.880,8.390,0,16.310,8.150,2,21.750,7.920,12,21.750,8.144,13,22.330,7.890,0,23.850,7.170,0,25.340,6.220,0,26.810,6.200,16,27.300,6.130,0,27.990,5.940,0,29.200,5.940,0,30.450,5.990,0,31.270,5.990,16,31.430,6.130,0,32.050,6.770,0,34.940,6.830,0,36.370,6.930,0,37.040,6.560,0,38.140,6.570,12,39.740,7.583,2,39.740,7.410,13,40.930,8.180,0,41.950,8.410,0,45.080,8.700,0,48.240,10.090,0,50.820,10.280,0,51.830,11.350,0,52.600,12.130,0,53.470,12.240,0,59.680,12.240,0,64.900,12.180,0,67.230,11.990,0,70.570,11.570,0,75.650,11.230,18,78.590,11.612,2,78.590,11.410,5,79.190,11.380,0,79.970,10.700,0,80.350,10.660,5,80.910,11.190,28,81.440,11.350,0,90.110,11.370,0,99.190,11.500,28,104.340,11.530
13.400,200.000,11.730,11.237,7.254,7.706,80,    ,11.200,    ,10.620,0,20050913
28,-45.620,11.200,0,-38.830,11.210,0,-30.510,11.210,28,-24.960,11.170,0,-24.540,11.810,0,-24.360,11.840,0,-22.080,11.680,0,-20.870,11.700,0,-16.320,11.640,0,-8.240,11.580,0,-1.630,11.540,2,0.000,11.730,1,0.000,11.730,0,1.310,11.720,0,2.970,11.140,0,7.160,7.880,0,10.700,7.950,0,15.220,7.840,0,18.400,7.470,0,19.300,7.200,2,22.980,7.050,12,22.980,7.254,0,24.290,6.960,0,25.410,6.770,0,27.540,6.850,13,28.510,6.870,16,28.860,6.370,0,29.150,6.090,0,29.760,5.990,0,31.120,6.060,0,33.790,6.070,0,35.030,6.050,0,36.120,5.940,0,37.000,5.910,0,38.450,6.170,16,39.890,6.370,0,41.020,6.390,0,42.060,6.430,13,43.080,7.070,12,44.350,7.706,2,44.350,7.510,0,46.990,9.240,0,48.140,9.720,0,50.390,11.360,0,51.270,11.430,0,53.780,11.720,0,56.990,12.140,0,58.870,12.170,0,62.470,11.850,0,68.660,11.470,0,74.540,11.140,18,78.830,11.237,2,78.830,11.120,0,79.200,11.090,0,80.400,11.630,0,81.180,12.150,0,81.670,12.160,0,82.410,11.690,0,97.520,11.660,0,98.200,11.010,0,98.590,10.990,0,99.090,11.550,5,100.120,11.520,0,100.290,11.020,0,100.750,11.020,5,100.920,11.520,0,101.360,11.440,0,102.170,10.990,0,102.560,10.890,0,103.600,10.080,5,103.890,10.060,0,104.040,9.510,0,104.520,9.510,5,104.670,10.060,0,104.990,10.060,0,106.100,10.970,0,106.570,10.930,28,107.060,10.620,0,116.960,10.610,28,126.920,10.620
13.600,201.000,12.160,11.581,7.378,7.474,69,    ,11.680,    ,11.750,0,20050913
28,-36.710,11.720,0,-29.290,11.680,0,-19.320,11.660,0,-9.520,11.680,28,-0.850,11.690,0,-0.440,11.960,2,0.000,12.030,1,0.000,12.160,0,3.430,11.920,0,7.430,11.870,0,8.100,11.880,0,9.100,11.740,0,9.990,11.290,0,11.750,9.930,0,16.100,7.450,0,16.510,7.420,0,18.210,7.950,0,21.910,7.870,0,23.610,7.460,0,27.820,7.110,0,29.310,7.450,0,33.440,7.270,2,37.020,7.120,12,37.020,7.378,13,38.280,7.070,0,39.090,6.770,0,40.530,6.600,0,41.510,6.260,0,42.650,6.340,0,43.730,6.610,0,44.880,6.940,0,46.130,6.980,16,46.830,6.400,0,47.190,6.200,0,48.230,6.080,0,49.230,6.200,0,50.660,6.260,0,51.370,6.240,16,51.930,6.400,0,52.850,6.660,13,53.540,7.260,12,54.210,7.474,2,54.210,7.200,0,54.690,7.200,0,57.220,8.320,0,58.980,9.810,0,61.440,11.320,0,61.810,11.380,0,65.520,11.740,0,72.520,11.860,0,79.320,11.800,0,84.530,11.830,0,91.220,11.650,0,94.390,11.480,0,99.990,11.520,0,106.910,11.450,18,111.770,11.581,2,111.770,11.460,0,116.620,11.430,0,118.080,11.870,28,119.780,11.900,28,138.640,11.600,5,139.610,11.580,0,139.780,11.080,0,140.240,11.080,5,140.410,11.580,0,140.910,11.540,0,141.670,11.060,0,142.160,10.940
13.800,202.000,12.301,11.836,7.793,7.722,78,    ,11.900,    ,11.250,0,20050913
0,-26.730,12.130,5,-25.920,12.120,0,-25.530,11.720,0,-25.350,11.680,5,-25.250,11.780,28,-24.560,11.780,0,-17.750,11.930,0,-11.060,11.910,28,-4.900,11.920,0,-4.000,12.040,0,-2.320,12.900,0,-1.220,12.910,2,0.000,12.130,1,0.000,12.301,0,0.380,12.050,0,0.500,11.920,0,10.220,11.860,0,20.000,11.820,0,30.000,11.810,0,40.920,11.770,0,42.380,11.760,0,44.530,11.800,0,45.130,11.660,0,47.460,9.770,0,48.010,9.640,0,51.180,8.310,0,53.460,8.350,0,55.410,8.110,0,56.590,8.220,0,60.980,7.830,2,64.940,7.620,12,64.940,7.793,0,66.610,7.350,0,68.780,7.040,0,72.160,6.810,13,74.390,6.930,16,74.780,6.490,0,75.280,6.230,0,76.110,6.220,0,77.180,6.230,0,78.610,6.190,0,79.180,6.280,16,79.580,6.490,0,81.390,6.770,13,81.650,7.170,12,83.380,7.722,2,83.380,7.470,0,85.600,7.540,0,87.460,7.630,0,91.410,7.920,0,92.610,7.620,0,94.340,9.100,0,95.640,9.590,0,97.810,10.220,0,101.130,10.830,0,102.120,11.500,0,103.060,11.630,0,104.400,11.730,0,108.350,11.830,0,112.480,12.170,0,113.930,12.090,0,118.230,11.710,0,123.640,11.600,0,130.620,11.490,0,133.140,11.690,18,134.590,11.836,2,134.590,11.680,0,135.080,11.680,0,136.790,11.290,0,142.720,11.320,0,143.440,11.610,5,146.460,11.290,0,146.880,10.770,0,147.260,10.730,5,147.780,11.270,28,155.070,11.310,0,162.300,11.260,28,169.910,11.160
14.000,203.000,12.224,11.719,8.268,8.028,60,    ,11.970,    ,11.500,0,20050913
28,-62.140,11.980,0,-51.240,11.940,0,-41.090,11.980,0,-31.690,11.970,0,-21.610,12.000,0,-11.210,12.010,28,-0.600,11.900,2,0.000,11.980,1,0.000,12.224,0,0.540,11.820,0,3.550,9.010,0,5.270,8.210,0,10.080,8.070,13,15.340,8.030,2,15.340,8.030,12,15.340,8.268,0,16.650,7.750,0,19.850,7.030,0,22.550,7.150,0,24.930,7.270,16,25.110,6.720,0,25.110,6.470,0,26.360,6.300,0,27.240,6.280,0,28.600,6.310,0,29.250,6.330,16,30.080,6.720,0,30.240,6.960,0,30.770,7.280,12,32.700,8.028,2,32.700,7.810,13,32.700,7.810,0,36.480,7.940,0,41.720,8.120,0,43.670,8.590,0,44.820,9.240,0,46.720,10.560,0,48.160,11.270,0,48.600,11.450,0,49.330,11.180,0,50.800,11.220,0,52.500,11.030,0,57.570,11.080,0,61.050,11.370,0,65.050,11.820,0,67.650,12.150,0,68.170,12.200,0,68.660,11.940,0,69.480,11.780,0,69.940,11.550,0,79.720,11.530,18,86.770,11.719,2,86.770,11.580,0,87.290,11.610,0,87.710,11.820,0,88.220,11.820,28,88.630,11.500,0,96.770,11.510,0,106.770,11.500,28,116.770,11.490
14.039,45.000,14.544,14.496,8.183,8.238,51,    ,    ,    ,    ,1,20050913
0,-30.770,14.510,0,-23.800,14.520,0,-12.530,14.530,0,-2.240,14.460,0,-2.240,14.540,2,0.000,14.540,1,0.000,14.544,0,0.720,14.540,0,0.720,14.310,0,1.000,14.200,0,1.000,15.020,0,8.430,14.980,0,8.430,11.520,0,9.930,11.520,0,9.930,10.620,10,9.260,10.620,10,15.100,7.890,2,22.560,7.930,12,22.560,8.183,0,24.040,7.220,0,26.780,7.220,13,30.280,7.290,16,30.760,6.710,0,31.200,6.370,0,32.720,6.450,0,33.780,6.480,0,35.560,6.460,0,36.120,6.370,0,36.740,6.400,16,37.150,6.710,13,37.580,7.300,0,38.060,7.550,0,39.030,7.860,12,39.840,8.238,2,39.840,7.980,0,44.800,7.940,10,47.310,7.620,10,53.760,10.720,0,52.760,10.720,0,52.760,11.530,0,54.260,11.540,0,54.260,14.990,0,61.630,14.990,0,61.630,14.380,18,62.610,14.496,2,62.610,14.430,0,70.270,14.410,0,78.990,14.500,0,86.770,14.480,0,91.110,14.430,0,98.910,14.530
í∑ìÏã¥,0.000,0
14.200,142.000,12.027,11.752,8.379,8.276,60,    ,11.910,    ,12.020,0,20050915
28,-30.000,11.890,0,-20.000,11.920,0,-10.000,11.900,28,-7.140,11.890,0,-6.720,11.990,0,-0.780,12.070,2,0.000,11.910,1,0.000,12.027,0,0.540,11.760,0,2.270,10.430,0,4.060,9.190,0,5.380,8.810,2,7.480,8.150,12,7.480,8.379,0,8.730,7.790,0,10.620,7.570,13,13.520,7.450,0,14.430,7.250,16,14.700,6.850,0,14.860,6.690,0,15.500,6.610,0,16.650,6.720,0,17.750,6.840,16,17.850,6.850,13,18.330,7.720,0,20.280,7.450,0,24.090,7.320,0,29.730,7.860,12,30.480,8.276,2,30.480,8.080,0,32.240,8.230,0,35.190,8.480,0,37.460,9.490,0,39.090,10.570,0,41.020,10.420,0,42.180,10.730,0,44.670,11.070,0,49.080,11.480,18,51.300,11.752,2,51.300,11.600,0,55.290,11.990,0,62.000,12.120,0,67.500,12.160,0,70.390,11.980,0,73.520,11.740,0,80.220,11.690,5,87.170,11.700,0,87.380,11.530,0,87.840,11.550,5,88.040,11.730,0,88.550,11.880,0,89.050,11.850,0,89.380,11.660,0,96.300,11.680,0,102.440,11.720,0,103.060,12.210,0,103.840,12.180,28,104.320,12.030,0,113.850,12.020,28,119.780,12.010
14.400,200.000,12.248,12.017,7.981,8.078,65,    ,12.290,    ,11.750,0,20050915
0,-53.680,12.760,0,-53.240,12.690,5,-52.580,12.580,0,-52.210,11.860,0,-52.000,11.850,5,-51.560,12.280,28,-46.990,12.300,0,-37.540,12.260,0,-28.730,12.300,0,-19.330,12.290,0,-9.060,12.340,28,-0.560,12.260,2,0.000,12.140,1,0.000,12.248,0,1.230,11.780,0,2.930,10.790,0,4.620,9.750,0,7.030,8.120,0,9.320,7.910,2,11.340,7.780,12,11.340,7.981,0,13.820,7.490,0,14.910,7.640,13,17.160,7.610,16,17.290,6.940,0,17.820,6.560,0,19.050,6.570,0,20.270,6.550,0,21.600,6.730,16,22.110,6.940,13,22.990,7.480,0,25.790,7.650,0,29.800,7.620,12,32.770,8.078,2,32.770,7.860,0,35.510,7.840,0,37.060,8.240,0,38.480,8.840,0,40.820,9.660,0,43.580,10.220,0,44.420,10.600,0,47.290,11.560,0,47.910,11.600,0,51.540,11.720,0,57.120,11.760,0,64.040,11.790,18,67.560,12.017,2,67.560,11.920,0,68.180,11.920,28,68.510,11.740,0,75.360,11.770,0,84.890,11.720,0,94.410,11.790,28,100.120,11.710,5,100.580,11.430,0,100.760,11.010,0,101.120,11.020,5,101.460,11.680,0,102.430,11.960,0,109.090,11.950,5,115.280,11.410,0,119.230,10.920,0,124.560,10.920,5,127.600,11.410,0,133.500,11.700
14.600,195.000,12.795,13.176,8.317,8.224,68,    ,12.500,    ,12.200,0,20050915
28,-47.830,12.350,0,-40.480,12.440,0,-30.210,12.450,0,-20.450,12.450,0,-10.980,12.620,28,-0.580,12.650,2,0.000,12.730,1,0.000,12.795,0,0.300,12.670,0,0.950,12.430,0,3.380,10.380,0,5.050,9.190,0,8.120,8.310,0,11.280,8.210,2,12.710,8.100,12,12.710,8.317,13,13.960,7.900,0,14.090,7.480,16,15.620,7.020,0,15.940,6.850,0,16.460,6.630,0,17.390,6.670,0,17.870,6.790,16,18.270,7.020,0,18.740,7.250,13,19.280,7.990,0,22.530,7.810,0,25.560,7.780,0,28.600,7.790,0,31.650,7.800,0,34.390,7.800,0,36.460,7.590,0,38.350,7.650,0,39.830,8.010,12,40.250,8.224,2,40.250,8.030,0,42.180,8.110,0,46.490,8.710,0,48.180,9.150,0,49.760,9.590,0,52.370,11.299,0,55.180,13.450,0,56.040,13.750,0,56.770,13.790,0,63.110,13.780,0,64.030,13.500,0,67.700,13.560,0,73.740,13.530,0,79.960,13.270,18,86.560,13.176,2,86.560,13.060,0,88.570,13.070,0,89.220,12.790,0,92.160,12.730,0,93.110,12.600,0,102.880,12.710,0,111.650,12.790,0,120.630,12.680,0,129.660,12.730,0,134.030,12.740,0,136.960,12.690,28,137.460,12.210,0,147.940,12.190,28,160.450,12.210,0,160.920,12.730,0,161.400,12.760,0,161.830,12.320,0,172.850,12.310
14.800,198.000,12.891,13.140,8.636,8.702,82,    ,12.510,    ,12.670,0,20050915
0,-97.950,13.210,0,-94.070,13.130,0,-89.190,13.040,5,-88.570,12.540,0,-88.250,12.150,0,-87.900,12.140,5,-87.670,12.510,0,-87.490,12.500,28,-87.180,12.420,0,-79.300,12.550,0,-70.650,12.610,0,-63.120,12.500,0,-54.840,12.500,28,-47.390,12.370,5,-46.430,12.410,0,-46.320,12.290,0,-46.070,12.290,5,-45.750,12.480,0,-42.480,12.560,0,-18.720,12.710,0,-9.100,12.700,0,-2.800,12.720,2,0.000,12.830,1,0.000,12.891,0,0.840,12.720,0,1.680,12.260,0,2.340,12.030,0,3.130,11.570,0,4.790,10.410,0,6.160,9.980,0,7.340,8.860,0,8.030,8.090,0,9.000,7.800,0,9.670,7.820,0,10.030,8.200,0,10.680,8.320,0,11.390,8.270,0,13.190,8.050,0,14.190,8.200,0,17.450,8.350,0,21.760,8.330,2,28.130,8.420,12,28.130,8.636,13,29.230,8.320,0,29.640,7.710,16,30.340,7.520,0,31.510,7.400,0,33.020,7.300,0,34.290,7.290,16,34.970,7.520,0,35.730,7.700,0,36.910,7.890,0,38.160,8.270,13,38.540,8.470,12,39.020,8.702,2,39.020,8.480,0,40.700,8.430,0,41.850,8.790,0,45.480,10.980,0,47.580,12.560,0,49.420,13.050,0,52.690,13.160,0,55.450,12.980,0,56.600,13.220,0,64.440,13.090,0,72.840,13.110,18,75.560,13.140,2,75.560,13.000,0,76.570,12.990,5,77.370,12.830,0,77.830,12.410,0,78.040,12.410,5,78.590,12.850,0,78.920,12.810,0,79.350,12.580,0,91.620,12.580,0,106.420,12.560,0,106.880,13.050,0,107.510,13.030,28,108.140,12.710,0,117.090,12.660,28,126.940,12.660
15.000,198.000,13.916,13.400,10.430,8.925,91,    ,13.050,    ,12.740,0,20050915
28,-30.000,13.050,0,-20.000,13.050,28,-16.200,13.040,0,-16.000,13.190,5,-15.650,13.190,0,-15.110,12.660,0,-14.620,12.670,5,-14.080,13.340,0,-13.000,13.610,4,-12.400,13.630,4,-9.830,13.680,5,-7.800,13.630,0,-7.800,14.610,0,-7.700,14.610,0,-7.700,13.660,0,-6.500,13.660,0,-6.500,14.610,0,-6.400,14.610,5,-6.400,13.570,0,-6.020,13.570,2,0.000,13.740,1,0.000,13.916,0,1.380,13.600,4,4.530,13.220,4,8.630,12.940,0,10.610,12.800,0,13.550,12.440,0,25.480,12.460,0,26.090,12.660,0,27.490,12.700,0,28.190,12.330,0,30.520,12.320,0,34.910,12.840,0,43.280,12.960,0,48.280,13.000,0,51.640,12.980,0,52.550,12.760,0,53.570,12.300,0,54.810,11.230,0,56.810,10.500,2,57.870,10.160,12,57.870,10.430,13,58.400,9.870,0,59.090,8.720,0,59.740,8.310,16,60.270,7.870,0,61.710,7.550,0,62.700,7.300,0,63.670,7.260,0,65.220,7.520,0,66.690,7.620,16,66.900,7.870,0,67.920,7.990,0,70.650,8.110,0,73.500,8.250,0,76.090,8.490,0,78.160,8.560,0,78.980,8.340,0,81.890,8.220,0,85.290,8.360,0,88.630,8.330,0,89.440,8.540,12,90.290,8.925,2,90.290,8.720,0,90.900,8.800,0,92.120,9.120,13,95.340,10.590,0,98.490,11.270,0,100.870,11.440,0,101.720,11.960,0,106.150,12.090,0,107.220,12.880,0,108.520,13.900,0,108.920,13.980,0,114.220,13.890,0,120.610,13.710,0,123.830,13.460,18,128.710,13.400,2,128.710,13.210,0,129.650,13.230,0,130.690,13.040,0,131.200,12.730,0,148.170,12.690,0,165.140,12.770,0,165.820,13.390,4,166.310,13.550,0,167.950,13.520,4,169.870,13.550,0,170.330,13.410,28,171.070,12.730,28,189.160,12.740
15.200,198.000,15.426,13.499,11.152,9.385,107,13.530,13.090,    ,13.130,0,20050915
28,-30.000,13.090,28,-18.800,13.080,0,-18.500,13.380,5,-18.140,13.400,0,-17.740,13.020,0,-17.230,13.100,5,-16.760,13.840,4,-16.330,13.930,4,-13.360,14.010,5,-13.220,14.000,0,-13.220,14.810,0,-13.110,14.810,0,-13.110,13.860,0,-10.750,13.860,0,-10.750,14.810,0,-10.640,14.810,5,-10.640,13.830,0,-10.460,13.840,0,-10.090,13.810,0,-9.680,13.590,24,-4.800,13.530,3,-2.400,14.960,0,-1.280,15.330,2,0.000,15.290,1,0.000,15.426,0,1.150,15.340,3,1.820,14.990,0,3.380,13.760,5,4.190,13.480,0,4.450,12.410,0,4.940,12.650,5,5.280,12.990,0,5.850,12.960,0,13.670,13.090,0,23.370,12.980,0,33.420,12.850,0,39.960,12.950,0,43.910,12.950,0,52.040,12.900,0,60.930,12.780,0,65.490,12.730,4,67.070,13.340,4,70.840,13.380,0,73.290,13.370,0,73.450,13.340,0,75.330,12.090,0,78.540,11.440,2,80.610,10.960,12,80.610,11.152,13,81.790,10.550,0,83.440,8.430,0,84.040,8.230,16,85.130,7.870,0,87.730,7.580,0,89.010,7.470,0,90.150,7.420,0,91.080,7.380,0,93.590,7.280,0,97.020,7.240,0,99.800,7.190,0,102.880,7.200,0,105.900,7.210,0,108.900,7.230,0,111.810,7.270,0,112.630,7.340,0,113.850,7.650,0,115.240,7.720,16,115.580,7.870,0,115.950,8.360,0,117.100,8.620,13,117.970,9.090,12,118.410,9.385,2,118.410,9.170,0,122.590,9.420,0,124.050,10.210,0,125.330,10.580,0,126.330,11.310,0,127.070,11.370,0,128.720,13.300,0,129.350,13.360,0,130.440,13.400,0,135.240,13.300,0,136.280,13.600,0,137.110,13.360,5,138.020,13.210,0,138.210,12.960,0,138.620,12.920,5,138.860,13.220,0,143.730,13.300,0,148.500,13.330,18,152.450,13.499,2,152.450,13.370,0,153.550,13.120,0,155.610,13.200,0,165.070,13.100,0,175.640,13.150,0,184.630,13.140,0,187.980,13.180,5,189.310,12.930,0,189.490,12.560,0,190.010,12.560,5,190.520,12.930,28,191.600,13.150,0,202.350,13.150,0,213.050,13.120,0,223.050,13.090,28,233.320,13.130
15.400,186.000,15.205,13.352,8.925,10.306,113,13.910,13.160,    ,13.630,0,200501915
28,-30.000,13.150,28,-23.040,13.160,0,-22.630,13.360,0,-22.070,13.380,5,-21.640,13.290,0,-21.280,13.030,0,-20.710,13.060,5,-20.030,13.890,4,-19.500,14.000,4,-15.340,14.010,5,-15.170,13.950,0,-15.170,14.840,0,-15.030,14.840,0,-15.030,13.890,0,-12.350,13.890,0,-12.350,14.840,0,-12.210,14.840,5,-12.210,13.850,0,-11.380,13.850,5,-9.410,13.690,0,-8.880,13.260,0,-8.180,13.200,5,-7.200,13.910,24,-4.010,13.910,3,-2.260,14.930,2,0.000,15.080,1,0.000,15.205,3,2.440,15.080,0,4.200,14.510,24,6.100,13.840,5,6.100,13.840,0,6.760,12.590,0,7.280,12.720,5,7.940,13.240,0,9.390,13.230,0,22.100,13.170,0,33.760,13.190,0,45.590,13.190,0,52.850,13.320,0,56.260,13.290,0,66.990,13.250,0,77.980,13.250,0,87.870,13.220,0,99.430,13.200,0,106.500,13.130,0,107.500,13.380,0,110.770,13.350,0,112.510,13.030,0,113.180,12.660,0,118.090,9.050,2,119.350,8.700,12,119.350,8.925,13,120.450,8.590,0,120.780,8.200,0,121.930,8.110,16,123.740,7.870,0,124.760,7.710,0,126.450,7.580,0,128.700,7.660,0,130.470,7.670,0,132.030,7.600,0,134.000,7.510,0,135.320,7.460,0,136.270,7.580,16,137.470,7.874,0,138.640,7.900,0,141.370,7.940,0,144.070,8.080,0,144.910,8.940,13,145.580,9.850,12,145.930,10.306,2,145.930,10.050,0,148.620,11.450,0,150.790,12.680,0,151.530,12.790,0,153.300,13.060,0,154.280,13.090,0,154.980,12.900,0,159.510,12.930,0,160.930,12.830,0,161.280,13.080,0,161.790,13.170,0,162.230,13.050,0,164.790,13.060,0,172.870,13.170,18,181.450,13.352,2,181.450,13.210,0,182.680,13.140,0,182.680,12.930,0,183.350,13.060,0,192.960,13.180,0,202.220,13.230,0,210.430,13.260,0,216.830,13.310,5,217.070,13.180,0,217.300,12.930,0,217.670,12.910,5,218.280,13.580,0,218.910,13.570,0,219.150,13.350,28,219.790,13.560,28,227.940,13.690,5,234.070,13.950,0,234.180,13.540,0,234.510,13.540,5,234.620,13.950,0,234.910,14.140,5,235.630,14.010,0,236.120,13.480,0,236.450,13.500,5,236.650,13.690,0,242.930,13.680,0,251.460,13.690
15.600,198.000,14.670,13.814,9.465,9.765,115,    ,13.480,    ,13.930,0,20050915
0,-33.370,13.620,0,-32.750,13.830,0,-32.060,13.800,28,-31.600,13.480,28,-25.620,13.470,0,-25.160,13.620,0,-24.630,13.600,0,-24.090,13.330,0,-23.320,12.720,5,-22.830,12.660,0,-22.680,12.270,0,-22.430,12.270,5,-22.280,12.660,0,-21.700,12.770,0,-20.830,13.580,0,-20.210,13.880,5,-15.800,14.080,0,-15.800,15.060,0,-15.700,15.060,0,-15.700,14.110,0,-14.400,14.110,0,-14.400,15.060,0,-14.300,15.060,5,-14.300,14.150,0,-14.010,14.190,0,-13.770,14.130,0,-13.220,13.800,0,-12.660,13.780,0,-12.410,13.640,0,-7.770,13.690,0,-6.820,13.790,0,-6.500,14.040,4,-5.390,14.440,4,-2.000,14.450,2,0.000,14.480,1,0.000,14.670,5,0.540,14.300,0,1.500,12.880,0,1.750,12.970,5,2.220,13.540,0,11.000,13.590,0,20.380,13.510,0,29.790,13.320,0,37.840,13.150,0,40.390,13.290,0,42.070,13.290,0,43.010,13.680,0,43.950,13.570,0,44.850,13.490,0,47.320,12.160,0,50.860,9.450,0,51.880,9.120,0,53.940,9.150,2,54.660,9.150,12,54.660,9.465,13,56.550,9.240,0,58.430,8.670,0,61.200,8.380,0,63.900,8.390,0,66.250,8.440,0,66.360,8.000,0,68.350,8.360,16,70.640,7.890,0,71.150,7.580,0,72.180,7.430,0,73.070,7.440,16,74.410,7.890,0,74.910,8.030,0,77.070,8.190,0,80.920,8.160,0,83.920,8.230,0,88.270,8.430,13,88.580,8.970,12,89.460,9.765,2,89.460,9.620,0,91.550,11.260,0,93.440,12.950,0,95.730,13.420,0,97.920,13.680,0,104.010,13.560,0,104.940,13.480,0,105.350,13.840,0,105.670,13.870,0,106.030,13.690,0,107.870,13.640,0,116.270,13.700,18,124.932,13.814,2,124.930,13.710,0,126.410,13.710,0,127.330,13.590,0,127.330,13.370,0,128.080,13.540,0,138.560,13.780,0,142.390,13.640,0,143.550,13.780,0,144.510,14.080,0,151.660,14.210,0,153.990,13.900,0,155.690,13.600,0,156.900,14.080,0,160.030,14.160,0,160.660,14.420,5,161.010,14.490,0,161.160,14.090,0,161.420,14.090,5,161.570,14.490,0,161.990,14.420,5,162.790,14.040,0,163.210,13.610,0,163.430,13.630,5,164.210,14.210,0,164.730,14.200,28,165.370,13.990,0,174.930,13.930,28,184.930,13.870
15.800,201.000,13.891,14.192,10.012,9.270,89,    ,14.320,    ,13.800,0,20050915
28,-100.000,14.230,0,-90.000,14.220,28,-80.180,14.230,0,-79.950,14.400,0,-79.600,14.420,5,-79.300,14.170,0,-79.160,13.850,0,-78.800,13.900,5,-78.670,14.120,0,-71.520,14.200,0,-63.360,14.290,0,-62.950,14.370,0,-61.110,15.310,0,-60.080,15.740,0,-57.600,15.770,0,-56.800,15.620,0,-56.550,15.560,0,-55.600,14.850,5,-55.020,14.530,0,-54.580,13.690,0,-54.150,13.700,5,-53.870,14.180,0,-49.760,14.210,0,-41.970,14.180,0,-34.000,14.100,0,-26.480,14.010,0,-17.180,14.050,0,-9.340,14.010,0,-0.660,13.770,2,0.000,13.750,1,0.000,13.891,0,0.690,13.680,0,1.230,13.350,0,2.990,13.010,0,6.350,11.560,0,7.660,11.280,0,10.300,10.250,2,11.490,9.760,12,11.490,10.012,0,11.860,9.370,0,12.170,8.880,0,12.770,8.460,0,13.970,8.250,0,16.140,8.380,13,18.600,8.540,0,20.090,8.300,16,21.600,7.900,0,23.110,7.480,0,23.940,7.410,0,25.640,7.380,16,27.130,7.900,0,29.360,8.050,0,31.080,7.980,16,32.460,7.900,0,33.000,7.860,0,37.320,7.730,0,42.730,7.720,0,44.920,7.780,16,45.760,7.900,13,46.070,8.330,0,48.920,8.420,12,51.450,9.270,2,51.450,9.040,0,53.070,9.480,0,55.300,9.960,0,56.020,9.920,0,56.540,9.780,0,57.410,9.890,0,60.330,11.380,0,62.770,14.330,0,64.140,14.200,0,64.560,14.210,0,65.850,13.900,0,68.730,14.040,0,71.450,13.990,18,76.110,14.192,2,76.110,14.050,0,77.220,14.080,0,78.220,14.360,0,78.850,14.300,28,79.490,13.740,28,102.940,13.850,0,103.680,14.630,5,104.040,14.630,0,104.160,14.230,0,104.460,14.230,5,104.600,14.630,0,105.150,14.550,0,105.640,14.100
16.000,201.000,15.257,14.484,9.834,9.060,78,    ,14.780,    ,14.860,0,20050915
0,-58.850,14.800,0,-48.880,14.920,0,-48.520,15.180,0,-48.280,15.200,0,-48.080,15.140,28,-47.630,14.790,0,-40.000,14.780,0,-30.000,14.800,0,-20.000,14.780,0,-10.000,14.770,0,-2.580,14.790,28,-1.300,14.800,2,0.000,14.920,1,0.000,15.257,0,0.700,14.740,0,2.610,13.680,0,6.270,13.600,0,9.830,13.720,0,10.470,13.710,0,11.490,13.310,0,13.590,11.970,0,14.580,11.860,0,15.810,11.320,0,17.700,10.140,2,18.350,9.560,12,18.350,9.834,13,19.560,8.880,0,19.630,8.600,0,20.140,8.380,16,20.430,8.210,0,20.790,8.090,0,21.130,8.000,0,21.930,8.020,16,22.710,8.210,0,22.900,8.660,0,24.130,8.630,0,24.340,8.340,16,24.580,8.210,0,25.600,7.910,0,26.510,7.950,0,27.350,8.180,16,28.390,8.210,0,28.740,8.290,13,29.220,8.800,12,30.570,9.060,2,30.570,8.850,0,35.700,8.800,0,40.640,8.710,0,44.920,8.910,0,48.770,11.330,0,50.700,12.140,0,52.980,13.660,0,54.440,14.270,0,55.390,14.420,0,55.740,14.290,0,59.770,14.360,0,65.290,14.310,18,69.960,14.484,2,69.960,14.310,0,71.390,14.500,0,73.540,14.580,0,74.150,14.810,0,75.440,14.620,5,76.000,14.310,0,76.560,13.880,0,77.670,13.880,5,78.360,14.350,0,78.960,14.440,0,79.770,14.710,0,80.290,14.710,0,80.980,15.090,0,81.460,15.040,28,81.860,14.890,0,92.020,14.840,0,101.330,14.850,0,110.410,14.880,0,119.740,14.850,28,130.000,14.870
16.200,195.000,14.772,15.316,9.529,10.150,69,    ,14.710,    ,15.360,0,20050915
28,-67.400,14.730,0,-60.000,14.690,0,-50.000,14.700,0,-40.000,14.730,0,-30.000,14.720,0,-20.000,14.710,28,-10.000,14.700,0,-1.200,14.690,0,-0.980,14.920,0,-0.360,14.850,2,0.000,14.610,1,0.000,14.772,0,1.730,13.820,0,2.860,13.730,0,4.630,12.910,0,5.940,12.500,0,8.480,10.950,0,9.620,10.640,0,12.510,9.870,0,17.620,9.500,2,21.000,9.310,12,21.000,9.529,13,23.090,9.220,0,25.270,8.810,0,26.100,8.780,0,27.400,8.810,0,28.150,9.150,0,30.110,9.170,0,32.360,9.180,0,33.940,8.930,0,35.170,8.700,16,35.810,8.690,0,36.380,8.540,0,37.160,8.400,0,37.370,8.520,0,37.780,8.550,16,38.060,8.690,0,38.410,8.980,13,38.410,9.780,12,39.250,10.150,2,39.250,9.930,0,39.560,9.950,0,40.700,10.770,0,43.360,11.730,0,44.780,12.640,0,45.470,12.890,0,46.260,13.690,0,46.440,13.696,0,49.010,13.770,0,54.810,13.810,0,63.570,13.570,0,63.830,13.570,0,64.000,13.930,0,64.450,14.160,0,66.860,14.280,0,68.610,15.580,0,69.490,15.750,0,71.590,15.740,0,75.530,15.720,0,80.420,15.640,18,83.760,15.316,2,83.760,15.220,0,84.510,15.560,0,85.210,15.530,28,85.420,15.400,0,96.090,15.340,0,106.290,15.370,0,115.870,15.330,28,125.350,15.360
16.350,150.000,12.082,12.590,10.108,10.172,53,    ,    ,    ,    ,1,20050915
0,-33.990,14.090,0,-29.160,14.040,0,-22.010,14.020,0,-20.060,13.830,0,-17.440,13.090,0,-14.560,12.930,0,-9.660,12.960,0,-8.790,12.780,0,-6.720,12.730,0,-2.600,12.230,2,0.000,12.020,1,0.000,12.082,0,3.390,11.680,0,7.580,11.400,0,10.130,11.270,0,11.770,10.910,0,13.060,10.400,0,17.000,10.190,2,20.480,9.920,12,20.480,10.108,13,20.910,9.910,0,20.910,9.250,0,21.450,9.120,16,21.540,9.010,0,22.020,8.560,0,22.200,8.540,0,23.050,8.440,0,24.190,8.370,0,25.290,8.440,0,25.990,8.560,0,26.500,8.590,16,27.210,9.010,0,28.340,9.470,13,28.600,9.970,12,28.930,10.172,2,28.930,10.020,0,36.900,11.040,0,39.100,11.390,0,40.110,11.720,0,43.940,12.100,0,45.270,12.360,18,46.550,12.590,2,46.550,12.490,0,51.050,12.760,0,52.150,12.470,0,54.260,12.740,0,56.350,13.330,0,59.060,13.640,0,60.280,13.500,0,62.880,13.950,0,67.230,14.030,0,70.330,13.830,0,72.110,13.860
ñkÇPÇSçÜã¥,0.000,0
16.400,47.000,12.400,15.648,9.900,11.009,96,    ,14.630,    ,15.170,0,20050915
28,-37.870,14.610,28,-37.300,14.640,0,-34.840,13.020,0,-34.450,12.950,8,-33.950,12.950,8,-33.950,11.350,10,-33.950,11.350,10,-14.740,11.320,0,-13.780,11.300,0,-12.830,12.090,0,-11.870,12.470,0,-9.760,12.570,0,-8.960,12.310,0,-8.960,15.410,22,-8.460,15.410,4,-8.460,15.180,0,-4.760,15.240,4,-1.320,15.210,22,-1.320,15.410,0,-0.780,15.410,0,-0.780,12.490,0,-0.300,12.300,2,0.000,12.250,1,0.000,12.400,8,2.400,12.180,8,2.400,11.260,0,10.300,11.070,0,15.020,10.800,0,16.520,10.150,0,23.340,9.940,0,23.580,9.850,0,25.300,9.370,16,27.370,9.050,0,29.060,8.870,0,31.850,8.760,0,33.910,8.590,0,37.200,8.580,0,39.440,8.410,0,41.730,8.410,0,44.680,8.190,0,44.720,8.590,16,46.340,9.050,0,47.570,9.840,0,53.820,9.790,0,62.500,9.750,0,70.490,9.790,0,77.050,9.760,13,84.050,9.710,2,84.050,9.710,12,84.050,9.900,0,89.260,9.590,0,93.070,9.550,0,97.290,9.570,0,100.680,9.540,16,102.090,9.530,0,103.130,9.370,0,104.760,9.230,0,105.700,9.330,16,106.430,9.530,0,106.980,9.560,0,107.940,9.580,16,108.790,9.530,0,109.550,9.240,0,110.270,9.320,16,110.880,9.530,0,111.230,9.600,0,111.890,9.920,13,113.110,10.800,12,113.450,11.009,2,113.450,10.830,0,114.250,10.590,0,116.520,10.560,0,119.460,11.290,0,124.910,11.190,0,129.320,10.980,0,131.660,10.970,0,132.550,10.700,0,135.140,10.800,0,138.090,12.480,0,139.950,12.880,0,143.330,15.390,0,144.940,15.430,0,149.010,15.420,18,153.480,15.648,2,153.480,15.460,0,155.510,15.490,0,156.360,15.200,0,157.390,15.160,28,167.520,15.180,0,177.300,15.160,0,186.650,15.150,0,195.560,15.210,28,202.280,15.180,0,204.110,16.090,0,204.800,16.240,0,213.480,16.250
16.600,198.000,14.930,16.388,11.004,11.035,92,    ,16.170,    ,16.370,0,20050916
28,-77.120,16.170,28,-63.740,16.170,5,-63.740,16.170,0,-63.220,15.740,0,-63.060,15.740,5,-62.500,16.160,5,-59.860,16.150,0,-59.450,15.860,0,-58.960,15.850,5,-58.660,15.990,0,-57.530,16.120,0,-56.110,16.860,4,-54.830,17.070,0,-51.210,17.210,4,-47.240,17.380,0,-46.740,17.280,0,-45.270,16.360,0,-42.160,14.940,5,-40.530,14.920,0,-39.770,14.310,0,-39.190,14.320,5,-38.540,14.980,0,-37.740,15.020,0,-37.430,14.720,0,-29.040,14.600,0,-19.420,14.680,0,-9.920,14.750,0,-1.940,14.730,0,-1.690,15.030,0,-0.430,14.990,2,0.000,14.770,1,0.000,14.930,0,0.460,14.670,0,4.870,14.550,0,9.420,14.380,0,14.530,13.990,0,19.270,13.750,0,22.150,13.690,0,23.900,13.720,0,24.700,13.700,0,26.680,12.080,13,28.570,10.730,2,28.570,10.730,12,28.570,11.004,16,29.680,9.601,0,30.190,9.300,0,31.120,9.010,0,33.220,8.530,0,35.140,8.190,0,37.310,8.070,0,40.360,7.990,0,42.110,7.800,0,44.090,7.710,0,46.810,7.610,0,48.990,7.620,0,51.190,7.600,0,52.750,7.590,0,54.730,7.770,0,56.730,7.740,0,58.710,8.070,0,59.560,8.290,0,59.960,8.620,0,60.800,9.000,0,61.500,9.280,0,62.160,9.480,16,62.160,9.600,0,62.160,10.180,13,63.320,10.800,12,63.620,11.035,2,63.620,10.800,0,65.230,10.850,0,67.790,11.690,0,70.730,12.790,0,74.380,13.410,0,76.380,15.120,0,77.100,15.240,0,82.210,15.480,5,86.630,15.560,0,86.950,15.240,0,87.160,15.210,5,87.500,15.550,0,96.540,15.600,0,97.510,15.980,0,99.780,16.050,0,106.460,16.100,18,112.590,16.388,2,112.590,16.280,0,115.330,16.310,28,120.780,16.390,0,131.160,16.370,0,141.250,16.350,28,151.510,16.360
16.800,202.000,15.705,16.807,10.443,10.114,85,    ,16.260,    ,16.070,0,20050916
28,-85.330,16.440,0,-75.250,16.470,0,-65.740,16.480,0,-55.750,16.380,0,-46.100,16.250,0,-36.650,16.320,0,-26.020,16.280,0,-16.380,16.120,0,-7.860,15.710,28,-1.870,15.580,2,0.000,15.540,1,0.000,15.705,0,0.590,15.410,0,1.000,15.180,0,1.940,14.880,0,4.910,12.690,0,8.260,10.350,2,8.520,10.250,12,8.520,10.443,13,9.230,9.910,16,9.780,9.600,0,10.130,9.100,0,10.570,9.020,0,11.530,8.760,0,12.930,8.490,0,13.980,8.320,0,15.160,8.110,0,16.430,7.930,0,18.450,7.670,0,20.960,7.460,0,22.990,7.380,0,24.830,7.380,0,25.880,7.480,0,27.010,7.610,0,27.670,8.010,0,28.920,8.290,0,30.420,8.570,0,31.520,8.950,0,32.310,9.080,0,32.520,9.300,16,32.710,9.600,13,32.770,9.740,12,33.460,10.114,2,33.460,9.870,0,33.950,9.910,0,35.840,10.940,0,39.090,12.110,0,42.110,13.480,0,43.150,13.730,0,43.890,14.270,0,44.310,14.360,0,45.090,14.300,0,45.580,14.170,0,61.590,14.160,0,61.790,14.320,5,62.610,14.290,0,62.880,14.090,0,63.230,14.110,5,63.340,14.230,0,63.820,14.360,0,64.380,14.790,0,66.110,15.840,0,66.840,16.130,4,67.400,16.260,0,68.480,16.310,4,70.000,16.350,0,71.300,16.700,0,71.840,16.650,0,72.570,16.450,0,78.560,16.260,0,81.880,16.290,0,85.820,16.310,0,87.150,16.840,18,87.680,16.807,2,87.680,16.610,0,88.350,16.480,0,88.540,16.030,0,89.210,15.990,0,89.770,16.110,0,92.020,16.240,28,92.200,16.080,0,97.680,16.070,0,107.680,16.090,0,117.680,16.060,28,127.680,16.070
17.000,199.000,16.746,17.763,11.502,9.997,93,    ,16.420,    ,16.250,0,20050916
28,-80.000,16.540,0,-75.000,16.560,0,-65.000,16.500,0,-60.000,16.430,0,-50.000,16.460,0,-40.000,16.380,0,-30.000,16.390,0,-20.000,16.360,0,-10.000,16.350,28,-0.360,16.330,2,0.000,16.460,1,0.000,16.746,0,1.390,16.300,0,2.430,16.240,0,3.820,15.910,0,7.830,13.920,0,10.760,13.170,0,12.900,11.630,13,13.900,11.290,2,13.900,11.290,12,13.900,11.502,0,16.310,9.660,16,16.920,9.600,0,20.310,9.460,0,21.020,9.180,0,21.910,9.070,0,22.820,9.420,0,26.690,9.530,0,30.350,9.530,0,30.930,9.110,0,32.610,8.640,0,34.050,8.370,0,36.000,8.170,0,37.100,8.200,0,38.340,8.560,0,38.770,8.470,0,39.100,8.740,0,39.660,8.760,0,40.350,9.140,0,40.740,9.470,16,40.970,9.600,12,42.380,9.997,2,42.380,9.760,0,46.450,9.710,0,49.670,9.850,0,51.000,10.160,0,54.710,10.460,13,58.610,12.240,0,60.640,12.880,0,63.580,13.960,0,64.690,14.920,0,65.140,15.100,0,66.490,15.200,0,70.020,15.820,0,71.380,16.370,0,74.420,16.890,0,76.940,16.820,0,82.410,16.540,0,86.830,16.240,0,95.280,16.190,0,97.540,17.490,0,98.480,17.620,18,99.760,17.763,2,99.760,17.590,0,100.220,17.540,0,101.300,17.010,0,102.160,16.550,0,102.620,15.910,0,102.980,15.970,0,103.650,16.630,0,129.980,16.590,5,131.180,16.300,0,132.230,15.860,0,132.930,15.780,5,133.710,16.380,0,134.610,16.350,0,134.960,16.250,0,135.160,16.240,0,135.760,16.760,5,142.470,16.570,0,142.750,16.330,0,143.200,16.270,5,143.640,16.460,0,144.250,16.600,23,145.350,16.550,23,154.160,16.230,0,154.360,16.130,0,154.760,16.140,0,155.040,16.370,0,155.540,16.460,28,155.660,16.310,0,159.760,16.240,28,170.140,16.240
17.200,203.000,16.767,16.462,11.673,10.453,75,    ,16.500,    ,16.380,0,20050916
28,-79.610,16.410,0,-69.700,16.400,0,-58.770,16.520,0,-49.010,16.520,0,-38.730,16.500,0,-28.060,16.540,0,-17.900,16.520,28,-6.160,16.600,5,-1.810,16.460,0,-1.550,16.180,0,-0.980,16.060,5,-0.800,16.460,2,0.000,16.600,1,0.000,16.767,0,0.350,16.560,0,3.710,14.930,0,7.840,13.880,13,12.670,12.820,0,13.710,12.380,2,15.220,11.530,12,15.220,11.673,0,15.680,11.190,0,16.530,10.380,0,17.190,10.000,16,17.880,9.613,0,18.880,9.240,0,19.390,8.870,0,20.770,8.490,0,24.000,8.080,0,26.100,8.000,0,29.770,7.960,0,33.790,7.870,0,37.750,7.860,0,39.770,7.860,0,42.850,7.920,0,44.950,8.120,0,45.790,8.250,0,46.690,8.460,0,47.180,8.610,0,47.550,8.850,0,47.770,8.980,0,48.010,9.150,0,48.550,9.520,16,48.820,9.610,0,50.900,10.110,12,51.200,10.453,2,51.200,10.190,0,51.890,10.400,13,53.920,11.320,0,58.330,12.930,0,62.200,15.070,0,63.970,15.580,0,69.160,16.130,0,75.390,16.630,0,80.300,16.930,0,84.800,16.550,0,90.930,16.390,18,95.560,16.462,2,95.560,16.290,0,96.400,16.320,0,96.740,16.430,4,98.070,17.200,0,99.840,17.500,0,101.560,17.570,4,102.950,17.510,0,104.390,16.930,0,105.660,16.550,28,105.860,16.370,28,126.640,16.380,0,126.810,16.500,5,127.140,16.510,0,127.570,15.890,0,128.180,15.870,5,128.520,16.380,0,142.830,16.410
17.400,204.000,16.658,16.548,10.661,11.081,82,    ,16.430,    ,16.350,0,20050916
28,-74.020,16.540,0,-68.180,16.650,0,-57.740,16.420,0,-47.410,16.290,0,-43.680,16.320,28,-36.920,16.350,5,-26.650,16.310,0,-25.100,15.840,0,-22.690,15.830,5,-21.670,16.340,0,-20.670,16.750,0,-20.090,16.750,0,-19.440,16.580,0,-17.200,16.330,0,-1.410,16.380,0,-0.360,16.630,2,0.000,16.560,1,0.000,16.658,0,1.130,16.190,0,2.860,15.430,0,4.730,14.630,0,6.580,14.480,0,11.120,12.420,13,14.520,10.550,2,14.520,10.550,12,14.520,10.661,0,15.640,9.970,0,16.600,9.700,16,17.340,9.604,0,18.130,9.330,0,19.170,9.350,0,19.520,9.120,0,20.270,8.840,0,22.020,8.520,0,23.400,8.250,0,26.730,7.950,0,30.130,7.980,0,34.000,7.930,0,38.800,7.950,0,40.370,7.990,0,42.230,8.300,0,43.690,8.520,0,44.030,8.590,0,44.390,8.840,0,44.970,9.190,0,45.940,9.350,0,46.650,9.520,16,46.650,9.610,0,46.650,9.840,0,47.620,10.470,0,48.260,10.780,12,48.670,11.081,2,48.670,10.830,13,48.670,10.830,0,49.910,11.180,0,54.710,13.480,0,55.890,14.060,0,57.080,14.340,0,57.630,14.670,0,58.330,14.900,0,58.730,14.970,0,61.000,15.210,0,68.190,15.090,0,75.250,15.160,0,76.570,16.390,0,77.980,16.710,0,80.410,16.720,0,83.160,16.830,0,86.540,16.620,18,89.660,16.548,2,89.660,16.430,0,90.380,16.420,0,91.160,16.650,0,92.560,17.490,4,93.190,17.630,0,95.290,17.650,4,97.450,17.620,0,98.910,16.760,0,99.520,16.540,0,100.100,16.510,28,100.410,16.460,28,163.880,16.240
17.600,200.000,16.478,16.751,10.577,10.589,92,    ,16.150,    ,16.820,0,20050916
28,-80.140,16.120,28,-61.670,16.170,0,-61.310,16.550,0,-60.790,16.570,5,-60.570,16.450,0,-60.280,16.240,0,-59.950,16.230,5,-59.440,16.600,0,-58.830,16.800,0,-56.980,17.920,4,-56.300,17.910,0,-53.360,17.710,4,-50.310,17.540,0,-49.760,17.490,5,-49.030,17.040,0,-48.270,16.490,0,-47.760,16.460,5,-47.380,16.700,0,-46.960,16.730,0,-46.360,16.230,0,-44.250,16.310,0,-38.990,16.250,0,-29.130,16.240,0,-19.470,16.210,0,-10.370,16.280,0,-1.700,16.210,0,-1.300,16.540,0,-0.830,16.520,2,0.000,16.300,1,0.000,16.478,0,0.980,16.050,0,1.920,15.470,0,3.410,15.120,0,7.110,13.890,0,8.490,13.330,0,11.040,12.060,0,12.880,11.740,13,18.510,10.390,2,18.510,10.390,12,18.510,10.577,0,19.300,10.150,0,19.530,9.920,16,20.020,9.600,0,20.020,9.470,0,20.600,9.130,0,22.330,8.680,0,23.730,8.890,0,26.220,8.460,0,27.540,8.310,0,29.040,8.310,0,30.460,8.270,0,31.750,8.370,0,33.000,8.280,0,33.540,8.480,0,33.700,9.320,0,37.900,9.350,0,41.210,9.400,0,44.840,9.340,0,47.060,9.420,16,48.030,9.604,0,48.490,9.650,0,48.900,9.900,12,49.830,10.589,2,49.830,10.320,13,49.830,10.320,0,52.640,12.190,0,55.450,14.010,0,56.690,14.310,0,58.410,14.660,0,60.390,15.570,0,61.290,15.690,0,63.410,16.630,0,72.650,16.560,0,83.560,16.600,0,84.620,16.960,0,90.810,16.720,18,97.240,16.751,2,97.240,16.570,0,99.370,16.550,4,101.760,17.960,0,103.690,18.020,4,105.490,17.960,0,106.220,17.780,0,107.360,16.970,0,116.230,16.920,0,123.410,16.950,0,123.640,17.100,0,123.830,17.100,28,124.090,16.850,0,130.120,16.800,0,139.600,16.820,28,148.620,16.810
17.800,186.000,16.302,13.948,10.603,10.578,90,    ,16.620,    ,16.730,0,20050916
28,-40.000,16.650,0,-30.000,16.670,0,-26.740,16.630,0,-3.770,16.550,28,-0.890,16.720,2,0.000,16.210,1,0.000,16.302,0,0.920,15.980,0,2.930,15.550,0,4.420,15.180,0,5.660,14.770,0,9.110,12.720,0,10.820,11.570,13,12.810,10.390,2,12.810,10.390,12,12.810,10.603,0,14.000,10.090,0,15.210,9.910,0,18.590,9.890,0,21.970,9.740,16,24.280,9.670,0,25.660,9.600,0,27.250,9.530,0,30.960,9.470,0,33.000,9.270,0,35.860,9.120,0,38.420,8.980,0,41.610,9.140,0,45.110,9.120,0,47.600,9.220,0,51.670,9.320,0,53.920,9.480,0,55.430,9.530,16,56.020,9.670,0,56.370,9.710,0,56.760,9.900,12,58.920,10.578,2,58.920,10.390,13,58.920,10.390,0,63.600,11.640,0,67.920,12.270,0,70.140,12.590,0,71.350,13.380,18,72.160,13.948,2,72.160,13.740,0,73.340,13.820,0,83.150,13.710,0,93.370,13.740,0,104.610,13.770,0,105.110,13.860,5,105.500,13.910,0,105.890,13.770,0,106.430,13.750,5,107.170,14.240,5,110.220,15.340,0,110.410,15.050,0,110.810,15.050,5,111.160,15.550,0,111.720,16.060,0,112.530,16.140,0,113.220,16.040,0,154.700,16.010,5,155.200,15.970,0,155.560,15.620,0,156.210,15.540,5,156.530,15.910,0,159.640,15.950,0,162.880,15.990,0,165.060,16.950,0,165.220,17.230,0,167.790,17.270,0,175.130,17.160,0,183.510,17.160,0,191.850,17.250,23,198.080,17.190,23,199.920,17.130,0,203.470,17.080,0,206.210,17.080,0,206.740,16.930,0,207.500,16.640,0,211.120,16.700,5,215.710,16.870,0,216.380,15.940,0,217.600,15.920,5,218.420,16.900,0,219.900,16.870,28,220.280,16.740,0,229.240,16.730,0,239.180,16.730,28,245.160,16.740
18.000,193.000,17.277,15.016,10.568,10.846,87,    ,17.000,    ,16.670,0,20050916
28,-31.850,17.000,0,-22.540,17.000,0,-14.110,16.990,28,-5.580,17.040,0,-5.340,17.230,0,-0.940,17.290,2,0.000,17.140,1,0.000,17.277,0,0.820,16.890,0,1.950,15.890,0,3.120,15.640,0,4.060,15.240,0,4.890,15.110,0,5.520,14.580,0,7.390,14.380,0,9.280,12.980,0,10.320,12.870,0,11.330,12.150,0,12.890,11.360,0,14.380,11.030,0,15.960,10.370,13,16.500,10.320,2,16.500,10.320,12,16.500,10.568,0,19.020,10.070,0,22.010,9.700,0,24.220,9.710,0,24.800,9.700,0,25.020,9.800,16,27.180,9.700,0,29.020,9.480,0,30.860,9.270,0,32.610,8.750,0,36.910,8.750,0,41.130,8.860,0,41.640,9.270,0,44.430,9.380,0,45.760,9.200,0,49.060,9.040,0,51.760,9.450,0,52.180,8.970,0,53.740,9.140,0,54.580,9.330,0,57.860,9.510,0,61.970,9.490,16,62.460,9.700,12,63.830,10.846,2,63.830,10.580,13,63.830,10.580,0,68.650,14.490,18,69.400,15.016,2,69.400,14.780,0,70.010,14.730,0,70.570,14.480,0,111.500,14.410,5,112.180,14.430,0,112.300,14.340,0,112.570,14.370,5,113.550,15.390,0,114.760,16.040,0,115.300,16.000,0,167.860,16.010,4,169.720,16.080,4,178.080,16.240,0,178.710,16.010,0,185.200,16.060,5,186.190,15.990,0,186.630,15.550,0,187.070,15.550,5,187.460,15.970,0,191.420,15.860,0,192.410,16.240,0,192.980,16.330,0,194.180,17.137,0,202.120,17.200,0,207.040,17.140,4,212.890,17.230,4,216.300,17.230,0,222.120,17.120,0,229.180,16.960,0,233.680,16.910,5,235.600,17.000,0,236.710,15.950,0,237.580,15.970,5,238.110,16.720,28,242.500,16.640,28,247.750,16.700
18.200,200.000,15.174,16.478,10.727,10.767,70,    ,17.450,    ,16.700,0,20050916
28,-185.000,17.680,0,-174.490,17.720,0,-164.060,17.620,0,-152.000,17.560,0,-146.650,17.490,0,-130.000,17.410,0,-120.000,17.350,0,-110.000,17.240,0,-101.800,17.000,28,-97.300,16.820,0,-96.380,16.750,0,-95.450,15.840,0,-94.680,15.150,0,-73.450,15.180,0,-73.120,15.330,0,-70.610,15.130,0,-70.260,14.960,0,-60.000,14.940,0,-50.000,14.940,0,-40.000,14.950,0,-30.000,14.920,0,-25.000,14.930,0,-10.000,14.940,0,-0.850,14.920,0,-0.620,15.060,2,0.000,15.080,1,0.000,15.174,0,0.480,14.810,0,0.860,14.550,0,3.130,12.590,0,4.880,11.300,13,6.280,10.440,2,6.280,10.440,12,6.280,10.727,0,6.750,10.280,0,9.620,10.180,0,10.630,10.020,16,12.610,9.840,0,15.840,9.820,0,19.450,9.730,0,22.670,9.760,0,26.690,9.750,0,28.700,9.530,0,30.430,9.630,0,32.240,9.710,0,32.730,9.490,0,33.690,8.850,0,34.360,9.030,0,35.100,9.730,0,37.660,9.470,0,38.770,9.810,16,39.170,9.840,0,39.170,10.040,0,40.000,10.070,12,41.400,10.767,2,41.400,10.480,13,41.400,10.480,0,43.390,10.850,0,47.370,11.990,0,51.590,13.450,0,56.630,15.460,18,58.740,16.478,2,58.740,16.350,0,59.360,16.560,0,61.210,17.050,0,62.210,16.940,28,62.580,16.680,0,71.520,16.700,0,81.530,16.700,28,91.370,16.690
18.290,131.000,13.493,13.639,10.496,13.162,61,    ,14.930,    ,14.010,0,20050916
28,-50.000,14.940,0,-40.000,14.920,28,-33.160,14.930,0,-32.900,15.100,0,-32.450,15.020,0,-31.300,14.440,0,-30.810,14.190,0,-29.870,13.260,0,-20.000,13.260,0,-10.000,13.260,0,-1.440,13.260,0,-1.150,13.490,0,-0.330,13.480,2,0.000,13.380,1,0.000,13.493,0,0.650,13.150,0,1.500,12.740,0,3.300,11.330,0,3.820,10.470,4,4.840,10.310,4,7.560,10.320,13,7.560,10.320,2,7.560,10.320,12,7.560,10.496,0,8.260,10.190,0,9.370,9.960,0,14.370,9.940,0,20.920,10.070,0,25.830,10.000,0,30.990,10.070,0,35.370,10.050,0,36.060,10.000,0,38.440,10.050,0,39.560,10.110,0,40.440,10.110,0,42.120,10.050,0,45.010,10.080,0,48.270,10.100,0,52.170,10.260,0,53.630,10.310,13,55.510,10.650,10,55.510,10.650,0,59.130,10.890,10,59.950,11.420,0,60.900,11.640,12,62.980,13.162,2,62.980,12.880,0,65.070,13.400,18,67.090,13.639,2,67.090,13.520,5,70.520,13.620,0,71.350,12.230,0,71.630,12.110,5,72.100,13.060,0,73.510,14.150,28,79.330,14.350,0,84.280,14.180,0,88.610,13.990,0,98.640,14.020,0,108.560,13.880,28,117.150,13.910
